tag,length_ft,width_in,flow_tph,power_hp,speed_fpm,walkways_count,belt_surface_area,weight_log
P11,50.0,54.0,50.0,10.0,200.0,0.0,2700.0,9.232493176617316
P12,50.0,54.0,50.0,10.0,200.0,1.0,2700.0,9.739379125161532
P13,50.0,54.0,50.0,10.0,200.0,2.0,2700.0,9.965569934832672
P14,50.0,54.0,50.0,10.0,350.0,0.0,2700.0,9.182352335436015
P15,50.0,54.0,50.0,10.0,350.0,1.0,2700.0,9.709477955946982
P16,50.0,54.0,50.0,10.0,350.0,2.0,2700.0,9.941794386690715
P17,50.0,54.0,50.0,10.0,500.0,0.0,2700.0,9.161570207606754
P18,50.0,54.0,50.0,10.0,500.0,1.0,2700.0,9.697262571660614
P19,50.0,54.0,50.0,10.0,500.0,2.0,2700.0,9.93212359907246
P20,50.0,54.0,50.0,155.0,200.0,0.0,2700.0,10.109281465515226
P21,50.0,54.0,50.0,155.0,200.0,1.0,2700.0,10.351980221114811
P22,50.0,54.0,50.0,155.0,200.0,2.0,2700.0,10.480859056346018
P23,50.0,54.0,50.0,155.0,350.0,0.0,2700.0,9.931588982647003
P24,50.0,54.0,50.0,155.0,350.0,1.0,2700.0,10.21533770979373
P25,50.0,54.0,50.0,155.0,350.0,2.0,2700.0,10.361766465136906
P26,50.0,54.0,50.0,155.0,500.0,0.0,2700.0,9.845328638362595
P27,50.0,54.0,50.0,155.0,500.0,1.0,2700.0,10.151089542682712
P28,50.0,54.0,50.0,155.0,500.0,2.0,2700.0,10.306516361943942
P32,50.0,54.0,50.0,300.0,350.0,0.0,2700.0,10.213359107360162
P33,50.0,54.0,50.0,300.0,350.0,1.0,2700.0,10.434527483552358
P34,50.0,54.0,50.0,300.0,350.0,2.0,2700.0,10.553779422789644
P35,50.0,54.0,50.0,300.0,500.0,0.0,2700.0,10.092660584279184
P36,50.0,54.0,50.0,300.0,500.0,1.0,2700.0,10.338964434712263
P37,50.0,54.0,50.0,300.0,500.0,2.0,2700.0,10.469426166355031
P38,50.0,54.0,175.0,10.0,200.0,0.0,2700.0,9.232493176617316
P39,50.0,54.0,175.0,10.0,200.0,1.0,2700.0,9.739379125161532
P40,50.0,54.0,175.0,10.0,200.0,2.0,2700.0,9.965569934832672
P41,50.0,54.0,175.0,10.0,350.0,0.0,2700.0,9.182352335436015
P42,50.0,54.0,175.0,10.0,350.0,1.0,2700.0,9.709477955946982
P43,50.0,54.0,175.0,10.0,350.0,2.0,2700.0,9.941794386690715
P44,50.0,54.0,175.0,10.0,500.0,0.0,2700.0,9.161570207606754
P45,50.0,54.0,175.0,10.0,500.0,1.0,2700.0,9.697262571660614
P46,50.0,54.0,175.0,10.0,500.0,2.0,2700.0,9.93212359907246
P47,50.0,54.0,175.0,155.0,200.0,0.0,2700.0,10.109281465515226
P48,50.0,54.0,175.0,155.0,200.0,1.0,2700.0,10.351980221114811
P49,50.0,54.0,175.0,155.0,200.0,2.0,2700.0,10.480859056346018
P50,50.0,54.0,175.0,155.0,350.0,0.0,2700.0,9.931588982647003
P51,50.0,54.0,175.0,155.0,350.0,1.0,2700.0,10.21533770979373
P52,50.0,54.0,175.0,155.0,350.0,2.0,2700.0,10.361766465136906
P53,50.0,54.0,175.0,155.0,500.0,0.0,2700.0,9.845328638362595
P54,50.0,54.0,175.0,155.0,500.0,1.0,2700.0,10.151089542682712
P55,50.0,54.0,175.0,155.0,500.0,2.0,2700.0,10.306516361943942
P59,50.0,54.0,175.0,300.0,350.0,0.0,2700.0,10.213359107360162
P60,50.0,54.0,175.0,300.0,350.0,1.0,2700.0,10.434527483552358
P61,50.0,54.0,175.0,300.0,350.0,2.0,2700.0,10.553779422789644
P62,50.0,54.0,175.0,300.0,500.0,0.0,2700.0,10.092660584279184
P63,50.0,54.0,175.0,300.0,500.0,1.0,2700.0,10.338964434712263
P64,50.0,54.0,175.0,300.0,500.0,2.0,2700.0,10.469426166355031
P65,50.0,54.0,300.0,10.0,200.0,0.0,2700.0,9.232493176617316
P66,50.0,54.0,300.0,10.0,200.0,1.0,2700.0,9.739379125161532
P67,50.0,54.0,300.0,10.0,200.0,2.0,2700.0,9.965569934832672
P68,50.0,54.0,300.0,10.0,350.0,0.0,2700.0,9.182352335436015
P69,50.0,54.0,300.0,10.0,350.0,1.0,2700.0,9.709477955946982
P70,50.0,54.0,300.0,10.0,350.0,2.0,2700.0,9.941794386690715
P71,50.0,54.0,300.0,10.0,500.0,0.0,2700.0,9.161570207606754
P72,50.0,54.0,300.0,10.0,500.0,1.0,2700.0,9.697262571660614
P73,50.0,54.0,300.0,10.0,500.0,2.0,2700.0,9.93212359907246
P74,50.0,54.0,300.0,155.0,200.0,0.0,2700.0,10.109281465515226
P75,50.0,54.0,300.0,155.0,200.0,1.0,2700.0,10.351980221114811
P76,50.0,54.0,300.0,155.0,200.0,2.0,2700.0,10.480859056346018
P77,50.0,54.0,300.0,155.0,350.0,0.0,2700.0,9.931588982647003
P78,50.0,54.0,300.0,155.0,350.0,1.0,2700.0,10.21533770979373
P79,50.0,54.0,300.0,155.0,350.0,2.0,2700.0,10.361766465136906
P80,50.0,54.0,300.0,155.0,500.0,0.0,2700.0,9.845328638362595
P81,50.0,54.0,300.0,155.0,500.0,1.0,2700.0,10.151089542682712
P82,50.0,54.0,300.0,155.0,500.0,2.0,2700.0,10.306516361943942
P86,50.0,54.0,300.0,300.0,350.0,0.0,2700.0,10.213359107360162
P87,50.0,54.0,300.0,300.0,350.0,1.0,2700.0,10.434527483552358
P88,50.0,54.0,300.0,300.0,350.0,2.0,2700.0,10.553779422789644
P89,50.0,54.0,300.0,300.0,500.0,0.0,2700.0,10.092660584279184
P90,50.0,54.0,300.0,300.0,500.0,1.0,2700.0,10.338964434712263
P91,50.0,54.0,300.0,300.0,500.0,2.0,2700.0,10.469426166355031
P92,50.0,75.0,50.0,10.0,200.0,0.0,3750.0,9.428109506952937
P93,50.0,75.0,50.0,10.0,200.0,1.0,3750.0,9.861727618287896
P94,50.0,75.0,50.0,10.0,200.0,2.0,3750.0,10.064287505439836
P95,50.0,75.0,50.0,10.0,350.0,0.0,3750.0,9.387062950369655
P96,50.0,75.0,50.0,10.0,350.0,1.0,3750.0,9.835315772432795
P97,50.0,75.0,50.0,10.0,350.0,2.0,3750.0,10.042771119638514
P98,50.0,75.0,50.0,10.0,500.0,0.0,3750.0,9.37864751738456
P99,50.0,75.0,50.0,10.0,500.0,1.0,3750.0,9.829948649201258
P100,50.0,75.0,50.0,10.0,500.0,2.0,3750.0,10.038411724792649
P101,50.0,75.0,50.0,155.0,200.0,0.0,3750.0,10.221177355572257
P102,50.0,75.0,50.0,155.0,200.0,1.0,3750.0,10.440799301537945
P103,50.0,75.0,50.0,155.0,200.0,2.0,3750.0,10.559322198212094
P104,50.0,75.0,50.0,155.0,350.0,0.0,3750.0,10.059593462511671
P105,50.0,75.0,50.0,155.0,350.0,1.0,3750.0,10.313210250896933
P106,50.0,75.0,50.0,155.0,350.0,2.0,3750.0,10.446828767978799
P107,50.0,75.0,50.0,155.0,500.0,0.0,3750.0,9.988701481750608
P108,50.0,75.0,50.0,155.0,500.0,1.0,3750.0,10.25864134010292
P109,50.0,75.0,50.0,155.0,500.0,2.0,3750.0,10.399250298625073
P110,50.0,75.0,50.0,300.0,200.0,0.0,3750.0,10.544656994003361
P111,50.0,75.0,50.0,300.0,200.0,1.0,3750.0,10.708243189657656
P112,50.0,75.0,50.0,300.0,200.0,2.0,3750.0,10.80018763464528
P113,50.0,75.0,50.0,300.0,350.0,0.0,3750.0,10.31473590540002
P114,50.0,75.0,50.0,300.0,350.0,1.0,3750.0,10.516589942087034
P115,50.0,75.0,50.0,300.0,350.0,2.0,3750.0,10.626921425700946
P116,50.0,75.0,50.0,300.0,500.0,0.0,3750.0,10.206329136745731
P117,50.0,75.0,50.0,300.0,500.0,1.0,3750.0,10.428896323426862
P118,50.0,75.0,50.0,300.0,500.0,2.0,3750.0,10.54875665285161
P119,50.0,75.0,175.0,10.0,200.0,0.0,3750.0,9.428109506952937
P120,50.0,75.0,175.0,10.0,200.0,1.0,3750.0,9.861727618287896
P121,50.0,75.0,175.0,10.0,200.0,2.0,3750.0,10.064287505439836
P122,50.0,75.0,175.0,10.0,350.0,0.0,3750.0,9.387062950369655
P123,50.0,75.0,175.0,10.0,350.0,1.0,3750.0,9.835315772432795
P124,50.0,75.0,175.0,10.0,350.0,2.0,3750.0,10.042771119638514
P125,50.0,75.0,175.0,10.0,500.0,0.0,3750.0,9.37864751738456
P126,50.0,75.0,175.0,10.0,500.0,1.0,3750.0,9.829948649201258
P127,50.0,75.0,175.0,10.0,500.0,2.0,3750.0,10.038411724792649
P128,50.0,75.0,175.0,155.0,200.0,0.0,3750.0,10.221177355572257
P129,50.0,75.0,175.0,155.0,200.0,1.0,3750.0,10.440799301537945
P130,50.0,75.0,175.0,155.0,200.0,2.0,3750.0,10.559322198212094
P131,50.0,75.0,175.0,155.0,350.0,0.0,3750.0,10.059593462511671
P132,50.0,75.0,175.0,155.0,350.0,1.0,3750.0,10.313210250896933
P133,50.0,75.0,175.0,155.0,350.0,2.0,3750.0,10.446828767978799
P134,50.0,75.0,175.0,155.0,500.0,0.0,3750.0,9.988701481750608
P135,50.0,75.0,175.0,155.0,500.0,1.0,3750.0,10.25864134010292
P136,50.0,75.0,175.0,155.0,500.0,2.0,3750.0,10.399250298625073
P137,50.0,75.0,175.0,300.0,200.0,0.0,3750.0,10.544656994003361
P138,50.0,75.0,175.0,300.0,200.0,1.0,3750.0,10.708243189657656
P139,50.0,75.0,175.0,300.0,200.0,2.0,3750.0,10.80018763464528
P140,50.0,75.0,175.0,300.0,350.0,0.0,3750.0,10.31473590540002
P141,50.0,75.0,175.0,300.0,350.0,1.0,3750.0,10.516589942087034
P142,50.0,75.0,175.0,300.0,350.0,2.0,3750.0,10.626921425700946
P143,50.0,75.0,175.0,300.0,500.0,0.0,3750.0,10.206329136745731
P144,50.0,75.0,175.0,300.0,500.0,1.0,3750.0,10.428896323426862
P145,50.0,75.0,175.0,300.0,500.0,2.0,3750.0,10.54875665285161
P146,50.0,75.0,300.0,10.0,200.0,0.0,3750.0,9.428109506952937
P147,50.0,75.0,300.0,10.0,200.0,1.0,3750.0,9.861727618287896
P148,50.0,75.0,300.0,10.0,200.0,2.0,3750.0,10.064287505439836
P149,50.0,75.0,300.0,10.0,350.0,0.0,3750.0,9.387062950369655
P150,50.0,75.0,300.0,10.0,350.0,1.0,3750.0,9.835315772432795
P151,50.0,75.0,300.0,10.0,350.0,2.0,3750.0,10.042771119638514
P152,50.0,75.0,300.0,10.0,500.0,0.0,3750.0,9.37864751738456
P153,50.0,75.0,300.0,10.0,500.0,1.0,3750.0,9.829948649201258
P154,50.0,75.0,300.0,10.0,500.0,2.0,3750.0,10.038411724792649
P155,50.0,75.0,300.0,155.0,200.0,0.0,3750.0,10.221177355572257
P156,50.0,75.0,300.0,155.0,200.0,1.0,3750.0,10.440799301537945
P157,50.0,75.0,300.0,155.0,200.0,2.0,3750.0,10.559322198212094
P158,50.0,75.0,300.0,155.0,350.0,0.0,3750.0,10.059593462511671
P159,50.0,75.0,300.0,155.0,350.0,1.0,3750.0,10.313210250896933
P160,50.0,75.0,300.0,155.0,350.0,2.0,3750.0,10.446828767978799
P161,50.0,75.0,300.0,155.0,500.0,0.0,3750.0,9.988701481750608
P162,50.0,75.0,300.0,155.0,500.0,1.0,3750.0,10.25864134010292
P163,50.0,75.0,300.0,155.0,500.0,2.0,3750.0,10.399250298625073
P164,50.0,75.0,300.0,300.0,200.0,0.0,3750.0,10.544656994003361
P165,50.0,75.0,300.0,300.0,200.0,1.0,3750.0,10.708243189657656
P166,50.0,75.0,300.0,300.0,200.0,2.0,3750.0,10.80018763464528
P167,50.0,75.0,300.0,300.0,350.0,0.0,3750.0,10.31473590540002
P168,50.0,75.0,300.0,300.0,350.0,1.0,3750.0,10.516589942087034
P169,50.0,75.0,300.0,300.0,350.0,2.0,3750.0,10.626921425700946
P170,50.0,75.0,300.0,300.0,500.0,0.0,3750.0,10.206329136745731
P171,50.0,75.0,300.0,300.0,500.0,1.0,3750.0,10.428896323426862
P172,50.0,75.0,300.0,300.0,500.0,2.0,3750.0,10.54875665285161
P173,50.0,96.0,50.0,10.0,200.0,0.0,4800.0,9.577826662126565
P174,50.0,96.0,50.0,10.0,200.0,1.0,4800.0,9.961284651262345
P175,50.0,96.0,50.0,10.0,200.0,2.0,4800.0,10.146355296698067
P176,50.0,96.0,50.0,10.0,350.0,0.0,4800.0,9.542589417753089
P177,50.0,96.0,50.0,10.0,350.0,1.0,4800.0,9.93740577073959
P178,50.0,96.0,50.0,10.0,350.0,2.0,4800.0,10.126551100650167
P179,50.0,96.0,50.0,10.0,500.0,0.0,4800.0,9.528139343331775
P180,50.0,96.0,50.0,10.0,500.0,1.0,4800.0,9.927692241232945
P181,50.0,96.0,50.0,10.0,500.0,2.0,4800.0,10.118518283739787
P182,50.0,96.0,50.0,155.0,200.0,0.0,4800.0,10.31516664711076
P183,50.0,96.0,50.0,155.0,200.0,1.0,4800.0,10.516941964186826
P184,50.0,96.0,50.0,155.0,200.0,2.0,4800.0,10.627260926637835
P185,50.0,96.0,50.0,155.0,350.0,0.0,4800.0,10.165351691961936
P186,50.0,96.0,50.0,155.0,350.0,1.0,4800.0,10.396230668751352
P187,50.0,96.0,50.0,155.0,350.0,2.0,4800.0,10.51986167429016
P188,50.0,96.0,50.0,155.0,500.0,0.0,4800.0,10.101805482414681
P189,50.0,96.0,50.0,155.0,500.0,1.0,4800.0,10.346119984985732
P190,50.0,96.0,50.0,155.0,500.0,2.0,4800.0,10.475709265167193
P191,50.0,96.0,50.0,300.0,200.0,0.0,4800.0,10.613541013162433
P192,50.0,96.0,50.0,300.0,200.0,1.0,4800.0,10.767031302351667
P193,50.0,96.0,50.0,300.0,200.0,2.0,4800.0,10.853967128146982
P194,50.0,96.0,50.0,300.0,350.0,0.0,4800.0,10.400680674570822
P195,50.0,96.0,50.0,300.0,350.0,1.0,4800.0,10.587366919275157
P196,50.0,96.0,50.0,300.0,350.0,2.0,4800.0,10.690557587372846
P197,50.0,96.0,50.0,300.0,500.0,0.0,4800.0,10.298296080455764
P198,50.0,96.0,50.0,300.0,500.0,1.0,4800.0,10.503175339529793
P199,50.0,96.0,50.0,300.0,500.0,2.0,4800.0,10.614941143578706
P200,50.0,96.0,175.0,10.0,200.0,0.0,4800.0,9.577826662126565
P201,50.0,96.0,175.0,10.0,200.0,1.0,4800.0,9.961284651262345
P202,50.0,96.0,175.0,10.0,200.0,2.0,4800.0,10.146355296698067
P203,50.0,96.0,175.0,10.0,350.0,0.0,4800.0,9.542589417753089
P204,50.0,96.0,175.0,10.0,350.0,1.0,4800.0,9.93740577073959
P205,50.0,96.0,175.0,10.0,350.0,2.0,4800.0,10.126551100650167
P206,50.0,96.0,175.0,10.0,500.0,0.0,4800.0,9.528139343331775
P207,50.0,96.0,175.0,10.0,500.0,1.0,4800.0,9.927692241232945
P208,50.0,96.0,175.0,10.0,500.0,2.0,4800.0,10.118518283739787
P209,50.0,96.0,175.0,155.0,200.0,0.0,4800.0,10.31516664711076
P210,50.0,96.0,175.0,155.0,200.0,1.0,4800.0,10.516941964186826
P211,50.0,96.0,175.0,155.0,200.0,2.0,4800.0,10.627260926637835
P212,50.0,96.0,175.0,155.0,350.0,0.0,4800.0,10.165351691961936
P213,50.0,96.0,175.0,155.0,350.0,1.0,4800.0,10.396230668751352
P214,50.0,96.0,175.0,155.0,350.0,2.0,4800.0,10.51986167429016
P215,50.0,96.0,175.0,155.0,500.0,0.0,4800.0,10.101805482414681
P216,50.0,96.0,175.0,155.0,500.0,1.0,4800.0,10.346119984985732
P217,50.0,96.0,175.0,155.0,500.0,2.0,4800.0,10.475709265167193
P218,50.0,96.0,175.0,300.0,200.0,0.0,4800.0,10.613541013162433
P219,50.0,96.0,175.0,300.0,200.0,1.0,4800.0,10.767031302351667
P220,50.0,96.0,175.0,300.0,200.0,2.0,4800.0,10.853967128146982
P221,50.0,96.0,175.0,300.0,350.0,0.0,4800.0,10.400680674570822
P222,50.0,96.0,175.0,300.0,350.0,1.0,4800.0,10.587366919275157
P223,50.0,96.0,175.0,300.0,350.0,2.0,4800.0,10.690557587372846
P224,50.0,96.0,175.0,300.0,500.0,0.0,4800.0,10.298296080455764
P225,50.0,96.0,175.0,300.0,500.0,1.0,4800.0,10.503175339529793
P226,50.0,96.0,175.0,300.0,500.0,2.0,4800.0,10.614941143578706
P227,50.0,96.0,300.0,10.0,200.0,0.0,4800.0,9.577826662126565
P228,50.0,96.0,300.0,10.0,200.0,1.0,4800.0,9.961284651262345
P229,50.0,96.0,300.0,10.0,200.0,2.0,4800.0,10.146355296698067
P230,50.0,96.0,300.0,10.0,350.0,0.0,4800.0,9.542589417753089
P231,50.0,96.0,300.0,10.0,350.0,1.0,4800.0,9.93740577073959
P232,50.0,96.0,300.0,10.0,350.0,2.0,4800.0,10.126551100650167
P233,50.0,96.0,300.0,10.0,500.0,0.0,4800.0,9.528139343331775
P234,50.0,96.0,300.0,10.0,500.0,1.0,4800.0,9.927692241232945
P235,50.0,96.0,300.0,10.0,500.0,2.0,4800.0,10.118518283739787
P236,50.0,96.0,300.0,155.0,200.0,0.0,4800.0,10.31516664711076
P237,50.0,96.0,300.0,155.0,200.0,1.0,4800.0,10.516941964186826
P238,50.0,96.0,300.0,155.0,200.0,2.0,4800.0,10.627260926637835
P239,50.0,96.0,300.0,155.0,350.0,0.0,4800.0,10.165351691961936
P240,50.0,96.0,300.0,155.0,350.0,1.0,4800.0,10.396230668751352
P241,50.0,96.0,300.0,155.0,350.0,2.0,4800.0,10.51986167429016
P242,50.0,96.0,300.0,155.0,500.0,0.0,4800.0,10.101805482414681
P243,50.0,96.0,300.0,155.0,500.0,1.0,4800.0,10.346119984985732
P244,50.0,96.0,300.0,155.0,500.0,2.0,4800.0,10.475709265167193
P245,50.0,96.0,300.0,300.0,200.0,0.0,4800.0,10.613541013162433
P246,50.0,96.0,300.0,300.0,200.0,1.0,4800.0,10.767031302351667
P247,50.0,96.0,300.0,300.0,200.0,2.0,4800.0,10.853967128146982
P248,50.0,96.0,300.0,300.0,350.0,0.0,4800.0,10.400680674570822
P249,50.0,96.0,300.0,300.0,350.0,1.0,4800.0,10.587366919275157
P250,50.0,96.0,300.0,300.0,350.0,2.0,4800.0,10.690557587372846
P251,50.0,96.0,300.0,300.0,500.0,0.0,4800.0,10.298296080455764
P252,50.0,96.0,300.0,300.0,500.0,1.0,4800.0,10.503175339529793
P253,50.0,96.0,300.0,300.0,500.0,2.0,4800.0,10.614941143578706
P254,166.6666666666667,54.0,50.0,10.0,200.0,0.0,9000.000000000002,9.992047729515608
P255,166.6666666666667,54.0,50.0,10.0,200.0,1.0,9000.000000000002,10.575640896591837
P256,166.6666666666667,54.0,50.0,10.0,200.0,2.0,9000.000000000002,10.846517581599905
P257,166.6666666666667,54.0,50.0,10.0,350.0,0.0,9000.000000000002,9.968900691084361
P258,166.6666666666667,54.0,50.0,10.0,350.0,1.0,9000.000000000002,10.562793524427303
P259,166.6666666666667,54.0,50.0,10.0,350.0,2.0,9000.000000000002,10.836733725059696
P260,166.6666666666667,54.0,50.0,10.0,500.0,0.0,9000.000000000002,9.959489742651412
P261,166.6666666666667,54.0,50.0,10.0,500.0,1.0,9000.000000000002,10.557608001127225
P262,166.6666666666667,54.0,50.0,10.0,500.0,2.0,9000.000000000002,10.832793221487778
P263,166.6666666666667,54.0,50.0,155.0,200.0,0.0,9000.000000000002,10.480044735486699
P264,166.6666666666667,54.0,50.0,155.0,200.0,1.0,9000.000000000002,10.876442131527824
P265,166.6666666666667,54.0,50.0,155.0,200.0,2.0,9000.000000000002,11.083695189061785
P266,166.6666666666667,54.0,50.0,155.0,350.0,0.0,9000.000000000002,10.37965961780224
P267,166.6666666666667,54.0,50.0,155.0,350.0,1.0,9000.000000000002,10.810030932955403
P268,166.6666666666667,54.0,50.0,155.0,350.0,2.0,9000.000000000002,11.03005541721757
P269,166.6666666666667,54.0,50.0,155.0,500.0,0.0,9000.000000000002,10.325416386674958
P270,166.6666666666667,54.0,50.0,155.0,500.0,1.0,9000.000000000002,10.775094676783644
P271,166.6666666666667,54.0,50.0,155.0,500.0,2.0,9000.000000000002,11.002116507732017
P275,166.6666666666667,54.0,50.0,300.0,350.0,0.0,9000.000000000002,10.55302239084068
P276,166.6666666666667,54.0,50.0,300.0,350.0,1.0,9000.000000000002,10.92611832018161
P277,166.6666666666667,54.0,50.0,300.0,350.0,2.0,9000.000000000002,11.124258475137944
P278,166.6666666666667,54.0,50.0,300.0,500.0,0.0,9000.000000000002,10.477090772921773
P279,166.6666666666667,54.0,50.0,300.0,500.0,1.0,9000.000000000002,10.874455845700979
P280,166.6666666666667,54.0,50.0,300.0,500.0,2.0,9000.000000000002,11.082081008522668
P281,166.6666666666667,54.0,175.0,10.0,200.0,0.0,9000.000000000002,9.992047729515608
P282,166.6666666666667,54.0,175.0,10.0,200.0,1.0,9000.000000000002,10.575640896591837
P283,166.6666666666667,54.0,175.0,10.0,200.0,2.0,9000.000000000002,10.846517581599905
P284,166.6666666666667,54.0,175.0,10.0,350.0,0.0,9000.000000000002,9.968900691084361
P285,166.6666666666667,54.0,175.0,10.0,350.0,1.0,9000.000000000002,10.562793524427303
P286,166.6666666666667,54.0,175.0,10.0,350.0,2.0,9000.000000000002,10.836733725059696
P287,166.6666666666667,54.0,175.0,10.0,500.0,0.0,9000.000000000002,9.959489742651412
P288,166.6666666666667,54.0,175.0,10.0,500.0,1.0,9000.000000000002,10.557608001127225
P289,166.6666666666667,54.0,175.0,10.0,500.0,2.0,9000.000000000002,10.832793221487778
P290,166.6666666666667,54.0,175.0,155.0,200.0,0.0,9000.000000000002,10.480044735486699
P291,166.6666666666667,54.0,175.0,155.0,200.0,1.0,9000.000000000002,10.876442131527824
P292,166.6666666666667,54.0,175.0,155.0,200.0,2.0,9000.000000000002,11.083695189061785
P293,166.6666666666667,54.0,175.0,155.0,350.0,0.0,9000.000000000002,10.37965961780224
P294,166.6666666666667,54.0,175.0,155.0,350.0,1.0,9000.000000000002,10.810030932955403
P295,166.6666666666667,54.0,175.0,155.0,350.0,2.0,9000.000000000002,11.03005541721757
P296,166.6666666666667,54.0,175.0,155.0,500.0,0.0,9000.000000000002,10.325416386674958
P297,166.6666666666667,54.0,175.0,155.0,500.0,1.0,9000.000000000002,10.775094676783644
P298,166.6666666666667,54.0,175.0,155.0,500.0,2.0,9000.000000000002,11.002116507732017
P302,166.6666666666667,54.0,175.0,300.0,350.0,0.0,9000.000000000002,10.55302239084068
P303,166.6666666666667,54.0,175.0,300.0,350.0,1.0,9000.000000000002,10.92611832018161
P304,166.6666666666667,54.0,175.0,300.0,350.0,2.0,9000.000000000002,11.124258475137944
P305,166.6666666666667,54.0,175.0,300.0,500.0,0.0,9000.000000000002,10.477090772921773
P306,166.6666666666667,54.0,175.0,300.0,500.0,1.0,9000.000000000002,10.874455845700979
P307,166.6666666666667,54.0,175.0,300.0,500.0,2.0,9000.000000000002,11.082081008522668
P308,166.6666666666667,54.0,300.0,10.0,200.0,0.0,9000.000000000002,9.992047729515608
P309,166.6666666666667,54.0,300.0,10.0,200.0,1.0,9000.000000000002,10.575640896591837
P310,166.6666666666667,54.0,300.0,10.0,200.0,2.0,9000.000000000002,10.846517581599905
P311,166.6666666666667,54.0,300.0,10.0,350.0,0.0,9000.000000000002,9.968900691084361
P312,166.6666666666667,54.0,300.0,10.0,350.0,1.0,9000.000000000002,10.562793524427303
P313,166.6666666666667,54.0,300.0,10.0,350.0,2.0,9000.000000000002,10.836733725059696
P314,166.6666666666667,54.0,300.0,10.0,500.0,0.0,9000.000000000002,9.959489742651412
P315,166.6666666666667,54.0,300.0,10.0,500.0,1.0,9000.000000000002,10.557608001127225
P316,166.6666666666667,54.0,300.0,10.0,500.0,2.0,9000.000000000002,10.832793221487778
P317,166.6666666666667,54.0,300.0,155.0,200.0,0.0,9000.000000000002,10.480044735486699
P318,166.6666666666667,54.0,300.0,155.0,200.0,1.0,9000.000000000002,10.876442131527824
P319,166.6666666666667,54.0,300.0,155.0,200.0,2.0,9000.000000000002,11.083695189061785
P320,166.6666666666667,54.0,300.0,155.0,350.0,0.0,9000.000000000002,10.37965961780224
P321,166.6666666666667,54.0,300.0,155.0,350.0,1.0,9000.000000000002,10.810030932955403
P322,166.6666666666667,54.0,300.0,155.0,350.0,2.0,9000.000000000002,11.03005541721757
P323,166.6666666666667,54.0,300.0,155.0,500.0,0.0,9000.000000000002,10.325416386674958
P324,166.6666666666667,54.0,300.0,155.0,500.0,1.0,9000.000000000002,10.775094676783644
P325,166.6666666666667,54.0,300.0,155.0,500.0,2.0,9000.000000000002,11.002116507732017
P329,166.6666666666667,54.0,300.0,300.0,350.0,0.0,9000.000000000002,10.55302239084068
P330,166.6666666666667,54.0,300.0,300.0,350.0,1.0,9000.000000000002,10.92611832018161
P331,166.6666666666667,54.0,300.0,300.0,350.0,2.0,9000.000000000002,11.124258475137944
P332,166.6666666666667,54.0,300.0,300.0,500.0,0.0,9000.000000000002,10.477090772921773
P333,166.6666666666667,54.0,300.0,300.0,500.0,1.0,9000.000000000002,10.874455845700979
P334,166.6666666666667,54.0,300.0,300.0,500.0,2.0,9000.000000000002,11.082081008522668
P335,166.6666666666667,75.0,50.0,10.0,200.0,0.0,12500.000000000004,10.238065138296543
P336,166.6666666666667,75.0,50.0,10.0,200.0,1.0,12500.000000000004,10.72026729354135
P337,166.6666666666667,75.0,50.0,10.0,200.0,2.0,12500.000000000004,10.958670283276902
P338,166.6666666666667,75.0,50.0,10.0,350.0,0.0,12500.000000000004,10.223648915729836
P339,166.6666666666667,75.0,50.0,10.0,350.0,1.0,12500.000000000004,10.711390970394262
P340,166.6666666666667,75.0,50.0,10.0,350.0,2.0,12500.000000000004,10.951683355290221
P341,166.6666666666667,75.0,50.0,10.0,500.0,0.0,12500.000000000004,10.216362112619931
P342,166.6666666666667,75.0,50.0,10.0,500.0,1.0,12500.000000000004,10.706923086990196
P343,166.6666666666667,75.0,50.0,10.0,500.0,2.0,12500.000000000004,10.948171499178683
P344,166.6666666666667,75.0,50.0,155.0,200.0,0.0,12500.000000000004,10.657094635464652
P345,166.6666666666667,75.0,50.0,155.0,200.0,1.0,12500.000000000004,10.998928150038603
P346,166.6666666666667,75.0,50.0,155.0,200.0,2.0,12500.000000000004,11.18436584089937
P347,166.6666666666667,75.0,50.0,155.0,350.0,0.0,12500.000000000004,10.56856956482773
P348,166.6666666666667,75.0,50.0,155.0,350.0,1.0,12500.000000000004,10.93684995599612
P349,166.6666666666667,75.0,50.0,155.0,350.0,2.0,12500.000000000004,11.133069622368483
P350,166.6666666666667,75.0,50.0,155.0,500.0,0.0,12500.000000000004,10.526560920459826
P351,166.6666666666667,75.0,50.0,155.0,500.0,1.0,12500.000000000004,10.9079722951462
P352,166.6666666666667,75.0,50.0,155.0,500.0,2.0,12500.000000000004,11.109398477492324
P353,166.6666666666667,75.0,50.0,300.0,200.0,0.0,12500.000000000004,10.864522178219675
P354,166.6666666666667,75.0,50.0,300.0,200.0,1.0,12500.000000000004,11.150591682822668
P355,166.6666666666667,75.0,50.0,300.0,200.0,2.0,12500.000000000004,11.311922492087827
P356,166.6666666666667,75.0,50.0,300.0,350.0,0.0,12500.000000000004,10.71858684384682
P357,166.6666666666667,75.0,50.0,300.0,350.0,1.0,12500.000000000004,11.043001832524663
P358,166.6666666666667,75.0,50.0,300.0,350.0,2.0,12500.000000000004,11.221114881934668
P359,166.6666666666667,75.0,50.0,300.0,500.0,0.0,12500.000000000004,10.659327802434497
P360,166.6666666666667,75.0,50.0,300.0,500.0,1.0,12500.000000000004,11.000515253074
P361,166.6666666666667,75.0,50.0,300.0,500.0,2.0,12500.000000000004,11.185684488851868
P362,166.6666666666667,75.0,175.0,10.0,200.0,0.0,12500.000000000004,10.238065138296543
P363,166.6666666666667,75.0,175.0,10.0,200.0,1.0,12500.000000000004,10.72026729354135
P364,166.6666666666667,75.0,175.0,10.0,200.0,2.0,12500.000000000004,10.958670283276902
P365,166.6666666666667,75.0,175.0,10.0,350.0,0.0,12500.000000000004,10.223648915729836
P366,166.6666666666667,75.0,175.0,10.0,350.0,1.0,12500.000000000004,10.711390970394262
P367,166.6666666666667,75.0,175.0,10.0,350.0,2.0,12500.000000000004,10.951683355290221
P368,166.6666666666667,75.0,175.0,10.0,500.0,0.0,12500.000000000004,10.216362112619931
P369,166.6666666666667,75.0,175.0,10.0,500.0,1.0,12500.000000000004,10.706923086990196
P370,166.6666666666667,75.0,175.0,10.0,500.0,2.0,12500.000000000004,10.948171499178683
P371,166.6666666666667,75.0,175.0,155.0,200.0,0.0,12500.000000000004,10.657094635464652
P372,166.6666666666667,75.0,175.0,155.0,200.0,1.0,12500.000000000004,10.998928150038603
P373,166.6666666666667,75.0,175.0,155.0,200.0,2.0,12500.000000000004,11.18436584089937
P374,166.6666666666667,75.0,175.0,155.0,350.0,0.0,12500.000000000004,10.56856956482773
P375,166.6666666666667,75.0,175.0,155.0,350.0,1.0,12500.000000000004,10.93684995599612
P376,166.6666666666667,75.0,175.0,155.0,350.0,2.0,12500.000000000004,11.133069622368483
P377,166.6666666666667,75.0,175.0,155.0,500.0,0.0,12500.000000000004,10.526560920459826
P378,166.6666666666667,75.0,175.0,155.0,500.0,1.0,12500.000000000004,10.9079722951462
P379,166.6666666666667,75.0,175.0,155.0,500.0,2.0,12500.000000000004,11.109398477492324
P380,166.6666666666667,75.0,175.0,300.0,200.0,0.0,12500.000000000004,10.864522178219675
P381,166.6666666666667,75.0,175.0,300.0,200.0,1.0,12500.000000000004,11.150591682822668
P382,166.6666666666667,75.0,175.0,300.0,200.0,2.0,12500.000000000004,11.311922492087827
P383,166.6666666666667,75.0,175.0,300.0,350.0,0.0,12500.000000000004,10.71858684384682
P384,166.6666666666667,75.0,175.0,300.0,350.0,1.0,12500.000000000004,11.043001832524663
P385,166.6666666666667,75.0,175.0,300.0,350.0,2.0,12500.000000000004,11.221114881934668
P386,166.6666666666667,75.0,175.0,300.0,500.0,0.0,12500.000000000004,10.659327802434497
P387,166.6666666666667,75.0,175.0,300.0,500.0,1.0,12500.000000000004,11.000515253074
P388,166.6666666666667,75.0,175.0,300.0,500.0,2.0,12500.000000000004,11.185684488851868
P389,166.6666666666667,75.0,300.0,10.0,200.0,0.0,12500.000000000004,10.238065138296543
P390,166.6666666666667,75.0,300.0,10.0,200.0,1.0,12500.000000000004,10.72026729354135
P391,166.6666666666667,75.0,300.0,10.0,200.0,2.0,12500.000000000004,10.958670283276902
P392,166.6666666666667,75.0,300.0,10.0,350.0,0.0,12500.000000000004,10.223648915729836
P393,166.6666666666667,75.0,300.0,10.0,350.0,1.0,12500.000000000004,10.711390970394262
P394,166.6666666666667,75.0,300.0,10.0,350.0,2.0,12500.000000000004,10.951683355290221
P395,166.6666666666667,75.0,300.0,10.0,500.0,0.0,12500.000000000004,10.216362112619931
P396,166.6666666666667,75.0,300.0,10.0,500.0,1.0,12500.000000000004,10.706923086990196
P397,166.6666666666667,75.0,300.0,10.0,500.0,2.0,12500.000000000004,10.948171499178683
P398,166.6666666666667,75.0,300.0,155.0,200.0,0.0,12500.000000000004,10.657094635464652
P399,166.6666666666667,75.0,300.0,155.0,200.0,1.0,12500.000000000004,10.998928150038603
P400,166.6666666666667,75.0,300.0,155.0,200.0,2.0,12500.000000000004,11.18436584089937
P401,166.6666666666667,75.0,300.0,155.0,350.0,0.0,12500.000000000004,10.56856956482773
P402,166.6666666666667,75.0,300.0,155.0,350.0,1.0,12500.000000000004,10.93684995599612
P403,166.6666666666667,75.0,300.0,155.0,350.0,2.0,12500.000000000004,11.133069622368483
P404,166.6666666666667,75.0,300.0,155.0,500.0,0.0,12500.000000000004,10.526560920459826
P405,166.6666666666667,75.0,300.0,155.0,500.0,1.0,12500.000000000004,10.9079722951462
P406,166.6666666666667,75.0,300.0,155.0,500.0,2.0,12500.000000000004,11.109398477492324
P407,166.6666666666667,75.0,300.0,300.0,200.0,0.0,12500.000000000004,10.864522178219675
P408,166.6666666666667,75.0,300.0,300.0,200.0,1.0,12500.000000000004,11.150591682822668
P409,166.6666666666667,75.0,300.0,300.0,200.0,2.0,12500.000000000004,11.311922492087827
P410,166.6666666666667,75.0,300.0,300.0,350.0,0.0,12500.000000000004,10.71858684384682
P411,166.6666666666667,75.0,300.0,300.0,350.0,1.0,12500.000000000004,11.043001832524663
P412,166.6666666666667,75.0,300.0,300.0,350.0,2.0,12500.000000000004,11.221114881934668
P413,166.6666666666667,75.0,300.0,300.0,500.0,0.0,12500.000000000004,10.659327802434497
P414,166.6666666666667,75.0,300.0,300.0,500.0,1.0,12500.000000000004,11.000515253074
P415,166.6666666666667,75.0,300.0,300.0,500.0,2.0,12500.000000000004,11.185684488851868
P416,166.6666666666667,96.0,50.0,10.0,200.0,0.0,16000.000000000004,10.417567874022614
P417,166.6666666666667,96.0,50.0,10.0,200.0,1.0,16000.000000000004,10.83484422108265
P418,166.6666666666667,96.0,50.0,10.0,200.0,2.0,16000.000000000004,11.050016608200359
P419,166.6666666666667,96.0,50.0,10.0,350.0,0.0,16000.000000000004,10.40250371834262
P420,166.6666666666667,96.0,50.0,10.0,350.0,1.0,16000.000000000004,10.824944914361643
P421,166.6666666666667,96.0,50.0,10.0,350.0,2.0,16000.000000000004,11.042041448297185
P422,166.6666666666667,96.0,50.0,10.0,500.0,0.0,16000.000000000004,10.396413936414287
P423,166.6666666666667,96.0,50.0,10.0,500.0,1.0,16000.000000000004,10.820957588757476
P424,166.6666666666667,96.0,50.0,10.0,500.0,2.0,16000.000000000004,11.038833489815886
P425,166.6666666666667,96.0,50.0,155.0,200.0,0.0,16000.000000000004,10.803404970292338
P426,166.6666666666667,96.0,50.0,155.0,200.0,1.0,16000.000000000004,11.105032411787397
P427,166.6666666666667,96.0,50.0,155.0,200.0,2.0,16000.000000000004,11.273284069543339
P428,166.6666666666667,96.0,50.0,155.0,350.0,0.0,16000.000000000004,10.714151066523913
P429,166.6666666666667,96.0,50.0,155.0,350.0,1.0,16000.000000000004,11.039796958376968
P430,166.6666666666667,96.0,50.0,155.0,350.0,2.0,16000.000000000004,11.218433591700967
P431,166.6666666666667,96.0,50.0,155.0,500.0,0.0,16000.000000000004,10.677938184160109
P432,166.6666666666667,96.0,50.0,155.0,500.0,1.0,16000.000000000004,11.013781345978076
P433,166.6666666666667,96.0,50.0,155.0,500.0,2.0,16000.000000000004,11.19672045358521
P434,166.6666666666667,96.0,50.0,300.0,200.0,0.0,16000.000000000004,10.978199831088187
P435,166.6666666666667,96.0,50.0,300.0,200.0,1.0,16000.000000000004,11.237171963383721
P436,166.6666666666667,96.0,50.0,300.0,200.0,2.0,16000.000000000004,11.386068888967515
P437,166.6666666666667,96.0,50.0,300.0,350.0,0.0,16000.000000000004,10.858672021035643
P438,166.6666666666667,96.0,50.0,300.0,350.0,1.0,16000.000000000004,11.146200185177994
P439,166.6666666666667,96.0,50.0,300.0,350.0,2.0,16000.000000000004,11.308186505332124
P440,166.6666666666667,96.0,50.0,300.0,500.0,0.0,16000.000000000004,10.793085172154122
P441,166.6666666666667,96.0,50.0,300.0,500.0,1.0,16000.000000000004,11.097410021008562
P442,166.6666666666667,96.0,50.0,300.0,500.0,2.0,16000.000000000004,11.26684588237296
P443,166.6666666666667,96.0,175.0,10.0,200.0,0.0,16000.000000000004,10.417567874022614
P444,166.6666666666667,96.0,175.0,10.0,200.0,1.0,16000.000000000004,10.83484422108265
P445,166.6666666666667,96.0,175.0,10.0,200.0,2.0,16000.000000000004,11.050016608200359
P446,166.6666666666667,96.0,175.0,10.0,350.0,0.0,16000.000000000004,10.40250371834262
P447,166.6666666666667,96.0,175.0,10.0,350.0,1.0,16000.000000000004,10.824944914361643
P448,166.6666666666667,96.0,175.0,10.0,350.0,2.0,16000.000000000004,11.042041448297185
P449,166.6666666666667,96.0,175.0,10.0,500.0,0.0,16000.000000000004,10.396413936414287
P450,166.6666666666667,96.0,175.0,10.0,500.0,1.0,16000.000000000004,10.820957588757476
P451,166.6666666666667,96.0,175.0,10.0,500.0,2.0,16000.000000000004,11.038833489815886
P452,166.6666666666667,96.0,175.0,155.0,200.0,0.0,16000.000000000004,10.803404970292338
P453,166.6666666666667,96.0,175.0,155.0,200.0,1.0,16000.000000000004,11.105032411787397
P454,166.6666666666667,96.0,175.0,155.0,200.0,2.0,16000.000000000004,11.273284069543339
P455,166.6666666666667,96.0,175.0,155.0,350.0,0.0,16000.000000000004,10.714151066523913
P456,166.6666666666667,96.0,175.0,155.0,350.0,1.0,16000.000000000004,11.039796958376968
P457,166.6666666666667,96.0,175.0,155.0,350.0,2.0,16000.000000000004,11.218433591700967
P458,166.6666666666667,96.0,175.0,155.0,500.0,0.0,16000.000000000004,10.677938184160109
P459,166.6666666666667,96.0,175.0,155.0,500.0,1.0,16000.000000000004,11.013781345978076
P460,166.6666666666667,96.0,175.0,155.0,500.0,2.0,16000.000000000004,11.19672045358521
P461,166.6666666666667,96.0,175.0,300.0,200.0,0.0,16000.000000000004,10.978199831088187
P462,166.6666666666667,96.0,175.0,300.0,200.0,1.0,16000.000000000004,11.237171963383721
P463,166.6666666666667,96.0,175.0,300.0,200.0,2.0,16000.000000000004,11.386068888967515
P464,166.6666666666667,96.0,175.0,300.0,350.0,0.0,16000.000000000004,10.858672021035643
P465,166.6666666666667,96.0,175.0,300.0,350.0,1.0,16000.000000000004,11.146200185177994
P466,166.6666666666667,96.0,175.0,300.0,350.0,2.0,16000.000000000004,11.308186505332124
P467,166.6666666666667,96.0,175.0,300.0,500.0,0.0,16000.000000000004,10.793085172154122
P468,166.6666666666667,96.0,175.0,300.0,500.0,1.0,16000.000000000004,11.097410021008562
P469,166.6666666666667,96.0,175.0,300.0,500.0,2.0,16000.000000000004,11.26684588237296
P470,166.6666666666667,96.0,300.0,10.0,200.0,0.0,16000.000000000004,10.417567874022614
P471,166.6666666666667,96.0,300.0,10.0,200.0,1.0,16000.000000000004,10.83484422108265
P472,166.6666666666667,96.0,300.0,10.0,200.0,2.0,16000.000000000004,11.050016608200359
P473,166.6666666666667,96.0,300.0,10.0,350.0,0.0,16000.000000000004,10.40250371834262
P474,166.6666666666667,96.0,300.0,10.0,350.0,1.0,16000.000000000004,10.824944914361643
P475,166.6666666666667,96.0,300.0,10.0,350.0,2.0,16000.000000000004,11.042041448297185
P476,166.6666666666667,96.0,300.0,10.0,500.0,0.0,16000.000000000004,10.396413936414287
P477,166.6666666666667,96.0,300.0,10.0,500.0,1.0,16000.000000000004,10.820957588757476
P478,166.6666666666667,96.0,300.0,10.0,500.0,2.0,16000.000000000004,11.038833489815886
P479,166.6666666666667,96.0,300.0,155.0,200.0,0.0,16000.000000000004,10.803404970292338
P480,166.6666666666667,96.0,300.0,155.0,200.0,1.0,16000.000000000004,11.105032411787397
P481,166.6666666666667,96.0,300.0,155.0,200.0,2.0,16000.000000000004,11.273284069543339
P482,166.6666666666667,96.0,300.0,155.0,350.0,0.0,16000.000000000004,10.714151066523913
P483,166.6666666666667,96.0,300.0,155.0,350.0,1.0,16000.000000000004,11.039796958376968
P484,166.6666666666667,96.0,300.0,155.0,350.0,2.0,16000.000000000004,11.218433591700967
P485,166.6666666666667,96.0,300.0,155.0,500.0,0.0,16000.000000000004,10.677938184160109
P486,166.6666666666667,96.0,300.0,155.0,500.0,1.0,16000.000000000004,11.013781345978076
P487,166.6666666666667,96.0,300.0,155.0,500.0,2.0,16000.000000000004,11.19672045358521
P488,166.6666666666667,96.0,300.0,300.0,200.0,0.0,16000.000000000004,10.978199831088187
P489,166.6666666666667,96.0,300.0,300.0,200.0,1.0,16000.000000000004,11.237171963383721
P490,166.6666666666667,96.0,300.0,300.0,200.0,2.0,16000.000000000004,11.386068888967515
P491,166.6666666666667,96.0,300.0,300.0,350.0,0.0,16000.000000000004,10.858672021035643
P492,166.6666666666667,96.0,300.0,300.0,350.0,1.0,16000.000000000004,11.146200185177994
P493,166.6666666666667,96.0,300.0,300.0,350.0,2.0,16000.000000000004,11.308186505332124
P494,166.6666666666667,96.0,300.0,300.0,500.0,0.0,16000.000000000004,10.793085172154122
P495,166.6666666666667,96.0,300.0,300.0,500.0,1.0,16000.000000000004,11.097410021008562
P496,166.6666666666667,96.0,300.0,300.0,500.0,2.0,16000.000000000004,11.26684588237296
P497,283.3333333333334,54.0,50.0,10.0,200.0,0.0,15300.000000000005,10.415712197215827
P498,283.3333333333334,54.0,50.0,10.0,200.0,1.0,15300.000000000005,11.022898704119024
P499,283.3333333333334,54.0,50.0,10.0,200.0,2.0,15300.000000000005,11.306184158355471
P500,283.3333333333334,54.0,50.0,10.0,350.0,0.0,15300.000000000005,10.400619849170116
P501,283.3333333333334,54.0,50.0,10.0,350.0,1.0,15300.000000000005,11.014703414770457
P502,283.3333333333334,54.0,50.0,10.0,350.0,2.0,15300.000000000005,11.300016857468423
P503,283.3333333333334,54.0,50.0,10.0,500.0,0.0,15300.000000000005,10.397573852297821
P504,283.3333333333334,54.0,50.0,10.0,500.0,1.0,15300.000000000005,11.013056266434749
P505,283.3333333333334,54.0,50.0,10.0,500.0,2.0,15300.000000000005,11.298778819847277
P506,283.3333333333334,54.0,50.0,155.0,200.0,0.0,15300.000000000005,10.74776657509999
P507,283.3333333333334,54.0,50.0,155.0,200.0,1.0,15300.000000000005,11.217305302416877
P508,283.3333333333334,54.0,50.0,155.0,200.0,2.0,15300.000000000005,11.456027017336137
P509,283.3333333333334,54.0,50.0,155.0,350.0,0.0,15300.000000000005,10.685698169836833
P510,283.3333333333334,54.0,50.0,155.0,350.0,1.0,15300.000000000005,11.178948113533144
P511,283.3333333333334,54.0,50.0,155.0,350.0,2.0,15300.000000000005,11.425939542202093
P512,283.3333333333334,54.0,50.0,155.0,500.0,0.0,15300.000000000005,10.646043753353617
P513,283.3333333333334,54.0,50.0,155.0,500.0,1.0,15300.000000000005,11.154921066269436
P514,283.3333333333334,54.0,50.0,155.0,500.0,2.0,15300.000000000005,11.407220445533344
P518,283.3333333333334,54.0,50.0,300.0,350.0,0.0,15300.000000000005,10.806105232822933
P519,283.3333333333334,54.0,50.0,300.0,350.0,1.0,15300.000000000005,11.254180642413045
P520,283.3333333333334,54.0,50.0,300.0,350.0,2.0,15300.000000000005,11.485184209988503
P521,283.3333333333334,54.0,50.0,300.0,500.0,0.0,15300.000000000005,10.74980636238115
P522,283.3333333333334,54.0,50.0,300.0,500.0,1.0,15300.000000000005,11.218581249644897
P523,283.3333333333334,54.0,50.0,300.0,500.0,2.0,15300.000000000005,11.457032132929688
P524,283.3333333333334,54.0,175.0,10.0,200.0,0.0,15300.000000000005,10.415712197215827
P525,283.3333333333334,54.0,175.0,10.0,200.0,1.0,15300.000000000005,11.022898704119024
P526,283.3333333333334,54.0,175.0,10.0,200.0,2.0,15300.000000000005,11.306184158355471
P527,283.3333333333334,54.0,175.0,10.0,350.0,0.0,15300.000000000005,10.400619849170116
P528,283.3333333333334,54.0,175.0,10.0,350.0,1.0,15300.000000000005,11.014703414770457
P529,283.3333333333334,54.0,175.0,10.0,350.0,2.0,15300.000000000005,11.300016857468423
P530,283.3333333333334,54.0,175.0,10.0,500.0,0.0,15300.000000000005,10.397573852297821
P531,283.3333333333334,54.0,175.0,10.0,500.0,1.0,15300.000000000005,11.013056266434749
P532,283.3333333333334,54.0,175.0,10.0,500.0,2.0,15300.000000000005,11.298778819847277
P533,283.3333333333334,54.0,175.0,155.0,200.0,0.0,15300.000000000005,10.74776657509999
P534,283.3333333333334,54.0,175.0,155.0,200.0,1.0,15300.000000000005,11.217305302416877
P535,283.3333333333334,54.0,175.0,155.0,200.0,2.0,15300.000000000005,11.456027017336137
P536,283.3333333333334,54.0,175.0,155.0,350.0,0.0,15300.000000000005,10.685698169836833
P537,283.3333333333334,54.0,175.0,155.0,350.0,1.0,15300.000000000005,11.178948113533144
P538,283.3333333333334,54.0,175.0,155.0,350.0,2.0,15300.000000000005,11.425939542202093
P539,283.3333333333334,54.0,175.0,155.0,500.0,0.0,15300.000000000005,10.646043753353617
P540,283.3333333333334,54.0,175.0,155.0,500.0,1.0,15300.000000000005,11.154921066269436
P541,283.3333333333334,54.0,175.0,155.0,500.0,2.0,15300.000000000005,11.407220445533344
P545,283.3333333333334,54.0,175.0,300.0,350.0,0.0,15300.000000000005,10.806105232822933
P546,283.3333333333334,54.0,175.0,300.0,350.0,1.0,15300.000000000005,11.254180642413045
P547,283.3333333333334,54.0,175.0,300.0,350.0,2.0,15300.000000000005,11.485184209988503
P548,283.3333333333334,54.0,175.0,300.0,500.0,0.0,15300.000000000005,10.74980636238115
P549,283.3333333333334,54.0,175.0,300.0,500.0,1.0,15300.000000000005,11.218581249644897
P550,283.3333333333334,54.0,175.0,300.0,500.0,2.0,15300.000000000005,11.457032132929688
P551,283.3333333333334,54.0,300.0,10.0,200.0,0.0,15300.000000000005,10.415712197215827
P552,283.3333333333334,54.0,300.0,10.0,200.0,1.0,15300.000000000005,11.022898704119024
P553,283.3333333333334,54.0,300.0,10.0,200.0,2.0,15300.000000000005,11.306184158355471
P554,283.3333333333334,54.0,300.0,10.0,350.0,0.0,15300.000000000005,10.400619849170116
P555,283.3333333333334,54.0,300.0,10.0,350.0,1.0,15300.000000000005,11.014703414770457
P556,283.3333333333334,54.0,300.0,10.0,350.0,2.0,15300.000000000005,11.300016857468423
P557,283.3333333333334,54.0,300.0,10.0,500.0,0.0,15300.000000000005,10.397573852297821
P558,283.3333333333334,54.0,300.0,10.0,500.0,1.0,15300.000000000005,11.013056266434749
P559,283.3333333333334,54.0,300.0,10.0,500.0,2.0,15300.000000000005,11.298778819847277
P560,283.3333333333334,54.0,300.0,155.0,200.0,0.0,15300.000000000005,10.74776657509999
P561,283.3333333333334,54.0,300.0,155.0,200.0,1.0,15300.000000000005,11.217305302416877
P562,283.3333333333334,54.0,300.0,155.0,200.0,2.0,15300.000000000005,11.456027017336137
P563,283.3333333333334,54.0,300.0,155.0,350.0,0.0,15300.000000000005,10.685698169836833
P564,283.3333333333334,54.0,300.0,155.0,350.0,1.0,15300.000000000005,11.178948113533144
P565,283.3333333333334,54.0,300.0,155.0,350.0,2.0,15300.000000000005,11.425939542202093
P566,283.3333333333334,54.0,300.0,155.0,500.0,0.0,15300.000000000005,10.646043753353617
P567,283.3333333333334,54.0,300.0,155.0,500.0,1.0,15300.000000000005,11.154921066269436
P568,283.3333333333334,54.0,300.0,155.0,500.0,2.0,15300.000000000005,11.407220445533344
P572,283.3333333333334,54.0,300.0,300.0,350.0,0.0,15300.000000000005,10.806105232822933
P573,283.3333333333334,54.0,300.0,300.0,350.0,1.0,15300.000000000005,11.254180642413045
P574,283.3333333333334,54.0,300.0,300.0,350.0,2.0,15300.000000000005,11.485184209988503
P575,283.3333333333334,54.0,300.0,300.0,500.0,0.0,15300.000000000005,10.74980636238115
P576,283.3333333333334,54.0,300.0,300.0,500.0,1.0,15300.000000000005,11.218581249644897
P577,283.3333333333334,54.0,300.0,300.0,500.0,2.0,15300.000000000005,11.457032132929688
P578,283.3333333333334,75.0,50.0,10.0,200.0,0.0,21250.000000000007,10.681940489675172
P579,283.3333333333334,75.0,50.0,10.0,200.0,1.0,21250.000000000007,11.176655207949763
P580,283.3333333333334,75.0,50.0,10.0,200.0,2.0,21250.000000000007,11.424148894579382
P581,283.3333333333334,75.0,50.0,10.0,350.0,0.0,21250.000000000007,10.67271575750141
P582,283.3333333333334,75.0,50.0,10.0,350.0,1.0,21250.000000000007,11.171040606504132
P583,283.3333333333334,75.0,50.0,10.0,350.0,2.0,21250.000000000007,11.41976796648398
P584,283.3333333333334,75.0,50.0,10.0,500.0,0.0,21250.000000000007,10.668071283033923
P585,283.3333333333334,75.0,50.0,10.0,500.0,1.0,21250.000000000007,11.16822143995547
P586,283.3333333333334,75.0,50.0,10.0,500.0,2.0,21250.000000000007,11.417570284153372
P587,283.3333333333334,75.0,50.0,155.0,200.0,0.0,21250.000000000007,10.957938945418467
P588,283.3333333333334,75.0,50.0,155.0,200.0,1.0,21250.000000000007,11.353800768540468
P589,283.3333333333334,75.0,50.0,155.0,200.0,2.0,21250.000000000007,11.565052911356245
P590,283.3333333333334,75.0,50.0,155.0,350.0,0.0,21250.000000000007,10.90610275886971
P591,283.3333333333334,75.0,50.0,155.0,350.0,1.0,21250.000000000007,11.319207211840663
P592,283.3333333333334,75.0,50.0,155.0,350.0,2.0,21250.000000000007,11.537139914478365
P593,283.3333333333334,75.0,50.0,155.0,500.0,0.0,21250.000000000007,10.876309835145937
P594,283.3333333333334,75.0,50.0,155.0,500.0,1.0,21250.000000000007,11.299596096627623
P595,283.3333333333334,75.0,50.0,155.0,500.0,2.0,21250.000000000007,11.521399459049608
P596,283.3333333333334,75.0,50.0,300.0,200.0,0.0,21250.000000000007,11.103497515166799
P597,283.3333333333334,75.0,50.0,300.0,200.0,1.0,21250.000000000007,11.454066782963823
P598,283.3333333333334,75.0,50.0,300.0,200.0,2.0,21250.000000000007,11.646984218515533
P599,283.3333333333334,75.0,50.0,300.0,350.0,0.0,21250.000000000007,11.005477463942288
P600,283.3333333333334,75.0,50.0,300.0,350.0,1.0,21250.000000000007,11.386046183626084
P601,283.3333333333334,75.0,50.0,300.0,350.0,2.0,21250.000000000007,11.591237445029165
P602,283.3333333333334,75.0,50.0,300.0,500.0,0.0,21250.000000000007,10.971692178782812
P603,283.3333333333334,75.0,50.0,300.0,500.0,1.0,21250.000000000007,11.363078842717476
P604,283.3333333333334,75.0,50.0,300.0,500.0,2.0,21250.000000000007,11.57257078389667
P605,283.3333333333334,75.0,175.0,10.0,200.0,0.0,21250.000000000007,10.681940489675172
P606,283.3333333333334,75.0,175.0,10.0,200.0,1.0,21250.000000000007,11.176655207949763
P607,283.3333333333334,75.0,175.0,10.0,200.0,2.0,21250.000000000007,11.424148894579382
P608,283.3333333333334,75.0,175.0,10.0,350.0,0.0,21250.000000000007,10.67271575750141
P609,283.3333333333334,75.0,175.0,10.0,350.0,1.0,21250.000000000007,11.171040606504132
P610,283.3333333333334,75.0,175.0,10.0,350.0,2.0,21250.000000000007,11.41976796648398
P611,283.3333333333334,75.0,175.0,10.0,500.0,0.0,21250.000000000007,10.668071283033923
P612,283.3333333333334,75.0,175.0,10.0,500.0,1.0,21250.000000000007,11.16822143995547
P613,283.3333333333334,75.0,175.0,10.0,500.0,2.0,21250.000000000007,11.417570284153372
P614,283.3333333333334,75.0,175.0,155.0,200.0,0.0,21250.000000000007,10.957938945418467
P615,283.3333333333334,75.0,175.0,155.0,200.0,1.0,21250.000000000007,11.353800768540468
P616,283.3333333333334,75.0,175.0,155.0,200.0,2.0,21250.000000000007,11.565052911356245
P617,283.3333333333334,75.0,175.0,155.0,350.0,0.0,21250.000000000007,10.90610275886971
P618,283.3333333333334,75.0,175.0,155.0,350.0,1.0,21250.000000000007,11.319207211840663
P619,283.3333333333334,75.0,175.0,155.0,350.0,2.0,21250.000000000007,11.537139914478365
P620,283.3333333333334,75.0,175.0,155.0,500.0,0.0,21250.000000000007,10.876309835145937
P621,283.3333333333334,75.0,175.0,155.0,500.0,1.0,21250.000000000007,11.299596096627623
P622,283.3333333333334,75.0,175.0,155.0,500.0,2.0,21250.000000000007,11.521399459049608
P623,283.3333333333334,75.0,175.0,300.0,200.0,0.0,21250.000000000007,11.103497515166799
P624,283.3333333333334,75.0,175.0,300.0,200.0,1.0,21250.000000000007,11.454066782963823
P625,283.3333333333334,75.0,175.0,300.0,200.0,2.0,21250.000000000007,11.646984218515533
P626,283.3333333333334,75.0,175.0,300.0,350.0,0.0,21250.000000000007,11.005477463942288
P627,283.3333333333334,75.0,175.0,300.0,350.0,1.0,21250.000000000007,11.386046183626084
P628,283.3333333333334,75.0,175.0,300.0,350.0,2.0,21250.000000000007,11.591237445029165
P629,283.3333333333334,75.0,175.0,300.0,500.0,0.0,21250.000000000007,10.971692178782812
P630,283.3333333333334,75.0,175.0,300.0,500.0,1.0,21250.000000000007,11.363078842717476
P631,283.3333333333334,75.0,175.0,300.0,500.0,2.0,21250.000000000007,11.57257078389667
P632,283.3333333333334,75.0,300.0,10.0,200.0,0.0,21250.000000000007,10.681940489675172
P633,283.3333333333334,75.0,300.0,10.0,200.0,1.0,21250.000000000007,11.176655207949763
P634,283.3333333333334,75.0,300.0,10.0,200.0,2.0,21250.000000000007,11.424148894579382
P635,283.3333333333334,75.0,300.0,10.0,350.0,0.0,21250.000000000007,10.67271575750141
P636,283.3333333333334,75.0,300.0,10.0,350.0,1.0,21250.000000000007,11.171040606504132
P637,283.3333333333334,75.0,300.0,10.0,350.0,2.0,21250.000000000007,11.41976796648398
P638,283.3333333333334,75.0,300.0,10.0,500.0,0.0,21250.000000000007,10.668071283033923
P639,283.3333333333334,75.0,300.0,10.0,500.0,1.0,21250.000000000007,11.16822143995547
P640,283.3333333333334,75.0,300.0,10.0,500.0,2.0,21250.000000000007,11.417570284153372
P641,283.3333333333334,75.0,300.0,155.0,200.0,0.0,21250.000000000007,10.957938945418467
P642,283.3333333333334,75.0,300.0,155.0,200.0,1.0,21250.000000000007,11.353800768540468
P643,283.3333333333334,75.0,300.0,155.0,200.0,2.0,21250.000000000007,11.565052911356245
P644,283.3333333333334,75.0,300.0,155.0,350.0,0.0,21250.000000000007,10.90610275886971
P645,283.3333333333334,75.0,300.0,155.0,350.0,1.0,21250.000000000007,11.319207211840663
P646,283.3333333333334,75.0,300.0,155.0,350.0,2.0,21250.000000000007,11.537139914478365
P647,283.3333333333334,75.0,300.0,155.0,500.0,0.0,21250.000000000007,10.876309835145937
P648,283.3333333333334,75.0,300.0,155.0,500.0,1.0,21250.000000000007,11.299596096627623
P649,283.3333333333334,75.0,300.0,155.0,500.0,2.0,21250.000000000007,11.521399459049608
P650,283.3333333333334,75.0,300.0,300.0,200.0,0.0,21250.000000000007,11.103497515166799
P651,283.3333333333334,75.0,300.0,300.0,200.0,1.0,21250.000000000007,11.454066782963823
P652,283.3333333333334,75.0,300.0,300.0,200.0,2.0,21250.000000000007,11.646984218515533
P653,283.3333333333334,75.0,300.0,300.0,350.0,0.0,21250.000000000007,11.005477463942288
P654,283.3333333333334,75.0,300.0,300.0,350.0,1.0,21250.000000000007,11.386046183626084
P655,283.3333333333334,75.0,300.0,300.0,350.0,2.0,21250.000000000007,11.591237445029165
P656,283.3333333333334,75.0,300.0,300.0,500.0,0.0,21250.000000000007,10.971692178782812
P657,283.3333333333334,75.0,300.0,300.0,500.0,1.0,21250.000000000007,11.363078842717476
P658,283.3333333333334,75.0,300.0,300.0,500.0,2.0,21250.000000000007,11.57257078389667
P659,283.3333333333334,96.0,50.0,10.0,200.0,0.0,27200.000000000007,10.8693871609623
P660,283.3333333333334,96.0,50.0,10.0,200.0,1.0,27200.000000000007,11.295067918085255
P661,283.3333333333334,96.0,50.0,10.0,200.0,2.0,27200.000000000007,11.51777369329505
P662,283.3333333333334,96.0,50.0,10.0,350.0,0.0,27200.000000000007,10.859825578927968
P663,283.3333333333334,96.0,50.0,10.0,350.0,1.0,27200.000000000007,11.288831462120024
P664,283.3333333333334,96.0,50.0,10.0,350.0,2.0,27200.000000000007,11.512785455169313
P665,283.3333333333334,96.0,50.0,10.0,500.0,0.0,27200.000000000007,10.855975199722101
P666,283.3333333333334,96.0,50.0,10.0,500.0,1.0,27200.000000000007,11.286325948682629
P667,283.3333333333334,96.0,50.0,10.0,500.0,2.0,27200.000000000007,11.510783171898195
P668,283.3333333333334,96.0,50.0,155.0,200.0,0.0,27200.000000000007,11.131503978415498
P669,283.3333333333334,96.0,50.0,155.0,200.0,1.0,27200.000000000007,11.473872737706527
P670,283.3333333333334,96.0,50.0,155.0,200.0,2.0,27200.000000000007,11.663343472751174
P671,283.3333333333334,96.0,50.0,155.0,350.0,0.0,27200.000000000007,11.068028021318344
P672,283.3333333333334,96.0,50.0,155.0,350.0,1.0,27200.000000000007,11.429217715896744
P673,283.3333333333334,96.0,50.0,155.0,350.0,2.0,27200.000000000007,11.626539823754392
P674,283.3333333333334,96.0,50.0,155.0,500.0,0.0,27200.000000000007,11.042745820234675
P675,283.3333333333334,96.0,50.0,155.0,500.0,1.0,27200.000000000007,11.411667632896002
P676,283.3333333333334,96.0,50.0,155.0,500.0,2.0,27200.000000000007,11.61215522589773
P677,283.3333333333334,96.0,50.0,300.0,200.0,0.0,27200.000000000007,11.242218496724409
P678,283.3333333333334,96.0,50.0,300.0,200.0,1.0,27200.000000000007,11.553731459362481
P679,283.3333333333334,96.0,50.0,300.0,200.0,2.0,27200.000000000007,11.729865816159798
P680,283.3333333333334,96.0,50.0,300.0,350.0,0.0,27200.000000000007,11.170209778515174
P681,283.3333333333334,96.0,50.0,300.0,350.0,1.0,27200.000000000007,11.50151056215493
P682,283.3333333333334,96.0,50.0,300.0,350.0,2.0,27200.000000000007,11.686265138480914
P683,283.3333333333334,96.0,50.0,300.0,500.0,0.0,27200.000000000007,11.1240814578783
P684,283.3333333333334,96.0,50.0,300.0,500.0,1.0,27200.000000000007,11.468607784319103
P685,283.3333333333334,96.0,50.0,300.0,500.0,2.0,27200.000000000007,11.658989248100532
P686,283.3333333333334,96.0,175.0,10.0,200.0,0.0,27200.000000000007,10.8693871609623
P687,283.3333333333334,96.0,175.0,10.0,200.0,1.0,27200.000000000007,11.295067918085255
P688,283.3333333333334,96.0,175.0,10.0,200.0,2.0,27200.000000000007,11.51777369329505
P689,283.3333333333334,96.0,175.0,10.0,350.0,0.0,27200.000000000007,10.859825578927968
P690,283.3333333333334,96.0,175.0,10.0,350.0,1.0,27200.000000000007,11.288831462120024
P691,283.3333333333334,96.0,175.0,10.0,350.0,2.0,27200.000000000007,11.512785455169313
P692,283.3333333333334,96.0,175.0,10.0,500.0,0.0,27200.000000000007,10.855975199722101
P693,283.3333333333334,96.0,175.0,10.0,500.0,1.0,27200.000000000007,11.286325948682629
P694,283.3333333333334,96.0,175.0,10.0,500.0,2.0,27200.000000000007,11.510783171898195
P695,283.3333333333334,96.0,175.0,155.0,200.0,0.0,27200.000000000007,11.131503978415498
P696,283.3333333333334,96.0,175.0,155.0,200.0,1.0,27200.000000000007,11.473872737706527
P697,283.3333333333334,96.0,175.0,155.0,200.0,2.0,27200.000000000007,11.663343472751174
P698,283.3333333333334,96.0,175.0,155.0,350.0,0.0,27200.000000000007,11.068028021318344
P699,283.3333333333334,96.0,175.0,155.0,350.0,1.0,27200.000000000007,11.429217715896744
P700,283.3333333333334,96.0,175.0,155.0,350.0,2.0,27200.000000000007,11.626539823754392
P701,283.3333333333334,96.0,175.0,155.0,500.0,0.0,27200.000000000007,11.042745820234675
P702,283.3333333333334,96.0,175.0,155.0,500.0,1.0,27200.000000000007,11.411667632896002
P703,283.3333333333334,96.0,175.0,155.0,500.0,2.0,27200.000000000007,11.61215522589773
P704,283.3333333333334,96.0,175.0,300.0,200.0,0.0,27200.000000000007,11.242218496724409
P705,283.3333333333334,96.0,175.0,300.0,200.0,1.0,27200.000000000007,11.553731459362481
P706,283.3333333333334,96.0,175.0,300.0,200.0,2.0,27200.000000000007,11.729865816159798
P707,283.3333333333334,96.0,175.0,300.0,350.0,0.0,27200.000000000007,11.170209778515174
P708,283.3333333333334,96.0,175.0,300.0,350.0,1.0,27200.000000000007,11.50151056215493
P709,283.3333333333334,96.0,175.0,300.0,350.0,2.0,27200.000000000007,11.686265138480914
P710,283.3333333333334,96.0,175.0,300.0,500.0,0.0,27200.000000000007,11.1240814578783
P711,283.3333333333334,96.0,175.0,300.0,500.0,1.0,27200.000000000007,11.468607784319103
P712,283.3333333333334,96.0,175.0,300.0,500.0,2.0,27200.000000000007,11.658989248100532
P713,283.3333333333334,96.0,300.0,10.0,200.0,0.0,27200.000000000007,10.8693871609623
P714,283.3333333333334,96.0,300.0,10.0,200.0,1.0,27200.000000000007,11.295067918085255
P715,283.3333333333334,96.0,300.0,10.0,200.0,2.0,27200.000000000007,11.51777369329505
P716,283.3333333333334,96.0,300.0,10.0,350.0,0.0,27200.000000000007,10.859825578927968
P717,283.3333333333334,96.0,300.0,10.0,350.0,1.0,27200.000000000007,11.288831462120024
P718,283.3333333333334,96.0,300.0,10.0,350.0,2.0,27200.000000000007,11.512785455169313
P719,283.3333333333334,96.0,300.0,10.0,500.0,0.0,27200.000000000007,10.855975199722101
P720,283.3333333333334,96.0,300.0,10.0,500.0,1.0,27200.000000000007,11.286325948682629
P721,283.3333333333334,96.0,300.0,10.0,500.0,2.0,27200.000000000007,11.510783171898195
P722,283.3333333333334,96.0,300.0,155.0,200.0,0.0,27200.000000000007,11.131503978415498
P723,283.3333333333334,96.0,300.0,155.0,200.0,1.0,27200.000000000007,11.473872737706527
P724,283.3333333333334,96.0,300.0,155.0,200.0,2.0,27200.000000000007,11.663343472751174
P725,283.3333333333334,96.0,300.0,155.0,350.0,0.0,27200.000000000007,11.068028021318344
P726,283.3333333333334,96.0,300.0,155.0,350.0,1.0,27200.000000000007,11.429217715896744
P727,283.3333333333334,96.0,300.0,155.0,350.0,2.0,27200.000000000007,11.626539823754392
P728,283.3333333333334,96.0,300.0,155.0,500.0,0.0,27200.000000000007,11.042745820234675
P729,283.3333333333334,96.0,300.0,155.0,500.0,1.0,27200.000000000007,11.411667632896002
P730,283.3333333333334,96.0,300.0,155.0,500.0,2.0,27200.000000000007,11.61215522589773
P731,283.3333333333334,96.0,300.0,300.0,200.0,0.0,27200.000000000007,11.242218496724409
P732,283.3333333333334,96.0,300.0,300.0,200.0,1.0,27200.000000000007,11.553731459362481
P733,283.3333333333334,96.0,300.0,300.0,200.0,2.0,27200.000000000007,11.729865816159798
P734,283.3333333333334,96.0,300.0,300.0,350.0,0.0,27200.000000000007,11.170209778515174
P735,283.3333333333334,96.0,300.0,300.0,350.0,1.0,27200.000000000007,11.50151056215493
P736,283.3333333333334,96.0,300.0,300.0,350.0,2.0,27200.000000000007,11.686265138480914
P737,283.3333333333334,96.0,300.0,300.0,500.0,0.0,27200.000000000007,11.1240814578783
P738,283.3333333333334,96.0,300.0,300.0,500.0,1.0,27200.000000000007,11.468607784319103
P739,283.3333333333334,96.0,300.0,300.0,500.0,2.0,27200.000000000007,11.658989248100532
P740,400.0,54.0,50.0,10.0,200.0,0.0,21600.0,10.71679272408986
P741,400.0,54.0,50.0,10.0,200.0,1.0,21600.0,11.335101777578686
P742,400.0,54.0,50.0,10.0,200.0,2.0,21600.0,11.623115300667513
P743,400.0,54.0,50.0,10.0,350.0,0.0,21600.0,10.705646076365333
P744,400.0,54.0,50.0,10.0,350.0,1.0,21600.0,11.329110794035937
P745,400.0,54.0,50.0,10.0,350.0,2.0,21600.0,11.618626922500768
P746,400.0,54.0,50.0,10.0,500.0,0.0,21600.0,10.701152393651311
P747,400.0,54.0,50.0,10.0,500.0,1.0,21600.0,11.326704314635162
P748,400.0,54.0,50.0,10.0,500.0,2.0,21600.0,11.616825915251171
P749,400.0,54.0,50.0,155.0,200.0,0.0,21600.0,10.963930575086735
P750,400.0,54.0,50.0,155.0,200.0,1.0,21600.0,11.475794566632022
P751,400.0,54.0,50.0,155.0,200.0,2.0,21600.0,11.73041305142828
P752,400.0,54.0,50.0,155.0,350.0,0.0,21600.0,10.92329109411032
P753,400.0,54.0,50.0,155.0,350.0,1.0,21600.0,11.45163499652712
P754,400.0,54.0,50.0,155.0,350.0,2.0,21600.0,11.711735339268985
P755,400.0,54.0,50.0,155.0,500.0,0.0,21600.0,10.892154758385857
P756,400.0,54.0,50.0,155.0,500.0,1.0,21600.0,11.433395126013421
P757,400.0,54.0,50.0,155.0,500.0,2.0,21600.0,11.697702338339248
P761,400.0,54.0,50.0,300.0,350.0,0.0,21600.0,11.009538770301235
P762,400.0,54.0,50.0,300.0,350.0,1.0,21600.0,11.503380052126698
P763,400.0,54.0,50.0,300.0,350.0,2.0,21600.0,11.751863622183079
P764,400.0,54.0,50.0,300.0,500.0,0.0,21600.0,10.969025533474808
P765,400.0,54.0,50.0,300.0,500.0,1.0,21600.0,11.478851484636477
P766,400.0,54.0,50.0,300.0,500.0,2.0,21600.0,11.732783625292909
P767,400.0,54.0,175.0,10.0,200.0,0.0,21600.0,10.71679272408986
P768,400.0,54.0,175.0,10.0,200.0,1.0,21600.0,11.335101777578686
P769,400.0,54.0,175.0,10.0,200.0,2.0,21600.0,11.623115300667513
P770,400.0,54.0,175.0,10.0,350.0,0.0,21600.0,10.705646076365333
P771,400.0,54.0,175.0,10.0,350.0,1.0,21600.0,11.329110794035937
P772,400.0,54.0,175.0,10.0,350.0,2.0,21600.0,11.618626922500768
P773,400.0,54.0,175.0,10.0,500.0,0.0,21600.0,10.701152393651311
P774,400.0,54.0,175.0,10.0,500.0,1.0,21600.0,11.326704314635162
P775,400.0,54.0,175.0,10.0,500.0,2.0,21600.0,11.616825915251171
P776,400.0,54.0,175.0,155.0,200.0,0.0,21600.0,10.963930575086735
P777,400.0,54.0,175.0,155.0,200.0,1.0,21600.0,11.475794566632022
P778,400.0,54.0,175.0,155.0,200.0,2.0,21600.0,11.73041305142828
P779,400.0,54.0,175.0,155.0,350.0,0.0,21600.0,10.92329109411032
P780,400.0,54.0,175.0,155.0,350.0,1.0,21600.0,11.45163499652712
P781,400.0,54.0,175.0,155.0,350.0,2.0,21600.0,11.711735339268985
P782,400.0,54.0,175.0,155.0,500.0,0.0,21600.0,10.892154758385857
P783,400.0,54.0,175.0,155.0,500.0,1.0,21600.0,11.433395126013421
P784,400.0,54.0,175.0,155.0,500.0,2.0,21600.0,11.697702338339248
P788,400.0,54.0,175.0,300.0,350.0,0.0,21600.0,11.009538770301235
P789,400.0,54.0,175.0,300.0,350.0,1.0,21600.0,11.503380052126698
P790,400.0,54.0,175.0,300.0,350.0,2.0,21600.0,11.751863622183079
P791,400.0,54.0,175.0,300.0,500.0,0.0,21600.0,10.969025533474808
P792,400.0,54.0,175.0,300.0,500.0,1.0,21600.0,11.478851484636477
P793,400.0,54.0,175.0,300.0,500.0,2.0,21600.0,11.732783625292909
P794,400.0,54.0,300.0,10.0,200.0,0.0,21600.0,10.71679272408986
P795,400.0,54.0,300.0,10.0,200.0,1.0,21600.0,11.335101777578686
P796,400.0,54.0,300.0,10.0,200.0,2.0,21600.0,11.623115300667513
P797,400.0,54.0,300.0,10.0,350.0,0.0,21600.0,10.705646076365333
P798,400.0,54.0,300.0,10.0,350.0,1.0,21600.0,11.329110794035937
P799,400.0,54.0,300.0,10.0,350.0,2.0,21600.0,11.618626922500768
P800,400.0,54.0,300.0,10.0,500.0,0.0,21600.0,10.701152393651311
P801,400.0,54.0,300.0,10.0,500.0,1.0,21600.0,11.326704314635162
P802,400.0,54.0,300.0,10.0,500.0,2.0,21600.0,11.616825915251171
P803,400.0,54.0,300.0,155.0,200.0,0.0,21600.0,10.963930575086735
P804,400.0,54.0,300.0,155.0,200.0,1.0,21600.0,11.475794566632022
P805,400.0,54.0,300.0,155.0,200.0,2.0,21600.0,11.73041305142828
P806,400.0,54.0,300.0,155.0,350.0,0.0,21600.0,10.92329109411032
P807,400.0,54.0,300.0,155.0,350.0,1.0,21600.0,11.45163499652712
P808,400.0,54.0,300.0,155.0,350.0,2.0,21600.0,11.711735339268985
P809,400.0,54.0,300.0,155.0,500.0,0.0,21600.0,10.892154758385857
P810,400.0,54.0,300.0,155.0,500.0,1.0,21600.0,11.433395126013421
P811,400.0,54.0,300.0,155.0,500.0,2.0,21600.0,11.697702338339248
P815,400.0,54.0,300.0,300.0,350.0,0.0,21600.0,11.009538770301235
P816,400.0,54.0,300.0,300.0,350.0,1.0,21600.0,11.503380052126698
P817,400.0,54.0,300.0,300.0,350.0,2.0,21600.0,11.751863622183079
P818,400.0,54.0,300.0,300.0,500.0,0.0,21600.0,10.969025533474808
P819,400.0,54.0,300.0,300.0,500.0,1.0,21600.0,11.478851484636477
P820,400.0,54.0,300.0,300.0,500.0,2.0,21600.0,11.732783625292909
P821,400.0,75.0,50.0,10.0,200.0,0.0,30000.0,10.988254434382185
P822,400.0,75.0,50.0,10.0,200.0,1.0,30000.0,11.490444654541077
P823,400.0,75.0,50.0,10.0,200.0,2.0,30000.0,11.741788628075087
P824,400.0,75.0,50.0,10.0,350.0,0.0,30000.0,10.979769020719225
P825,400.0,75.0,50.0,10.0,350.0,1.0,30000.0,11.485317857908678
P826,400.0,75.0,50.0,10.0,350.0,2.0,30000.0,11.737803511178097
P827,400.0,75.0,50.0,10.0,500.0,0.0,30000.0,10.97635459145238
P828,400.0,75.0,50.0,10.0,500.0,1.0,30000.0,11.483259757014471
P829,400.0,75.0,50.0,10.0,500.0,2.0,30000.0,11.736205007037277
P830,400.0,75.0,50.0,155.0,200.0,0.0,30000.0,11.19163145407322
P831,400.0,75.0,50.0,155.0,200.0,1.0,30000.0,11.618392974903964
P832,400.0,75.0,50.0,155.0,200.0,2.0,30000.0,11.842682346841851
P833,400.0,75.0,50.0,155.0,350.0,0.0,30000.0,11.15797760019988
P834,400.0,75.0,50.0,155.0,350.0,1.0,30000.0,11.596558642263307
P835,400.0,75.0,50.0,155.0,350.0,2.0,30000.0,11.825273320384177
P836,400.0,75.0,50.0,155.0,500.0,0.0,30000.0,11.13343507403426
P837,400.0,75.0,50.0,155.0,500.0,1.0,30000.0,11.580799043615928
P838,400.0,75.0,50.0,155.0,500.0,2.0,30000.0,11.81275594578133
P839,400.0,75.0,50.0,300.0,200.0,0.0,30000.0,11.299930244707834
P840,400.0,75.0,50.0,300.0,200.0,1.0,30000.0,11.690385222347276
P841,400.0,75.0,50.0,300.0,200.0,2.0,30000.0,11.900620279192905
P842,400.0,75.0,50.0,300.0,350.0,0.0,30000.0,11.228119253263912
P843,400.0,75.0,50.0,300.0,350.0,1.0,30000.0,11.642355960398445
P844,400.0,75.0,50.0,300.0,350.0,2.0,30000.0,11.86187665738724
P845,400.0,75.0,50.0,300.0,500.0,0.0,30000.0,11.209330789258392
P846,400.0,75.0,50.0,300.0,500.0,1.0,30000.0,11.629979345969065
P847,400.0,75.0,50.0,300.0,500.0,2.0,30000.0,11.851951580521822
P848,400.0,75.0,175.0,10.0,200.0,0.0,30000.0,10.988254434382185
P849,400.0,75.0,175.0,10.0,200.0,1.0,30000.0,11.490444654541077
P850,400.0,75.0,175.0,10.0,200.0,2.0,30000.0,11.741788628075087
P851,400.0,75.0,175.0,10.0,350.0,0.0,30000.0,10.979769020719225
P852,400.0,75.0,175.0,10.0,350.0,1.0,30000.0,11.485317857908678
P853,400.0,75.0,175.0,10.0,350.0,2.0,30000.0,11.737803511178097
P854,400.0,75.0,175.0,10.0,500.0,0.0,30000.0,10.97635459145238
P855,400.0,75.0,175.0,10.0,500.0,1.0,30000.0,11.483259757014471
P856,400.0,75.0,175.0,10.0,500.0,2.0,30000.0,11.736205007037277
P857,400.0,75.0,175.0,155.0,200.0,0.0,30000.0,11.19163145407322
P858,400.0,75.0,175.0,155.0,200.0,1.0,30000.0,11.618392974903964
P859,400.0,75.0,175.0,155.0,200.0,2.0,30000.0,11.842682346841851
P860,400.0,75.0,175.0,155.0,350.0,0.0,30000.0,11.15797760019988
P861,400.0,75.0,175.0,155.0,350.0,1.0,30000.0,11.596558642263307
P862,400.0,75.0,175.0,155.0,350.0,2.0,30000.0,11.825273320384177
P863,400.0,75.0,175.0,155.0,500.0,0.0,30000.0,11.13343507403426
P864,400.0,75.0,175.0,155.0,500.0,1.0,30000.0,11.580799043615928
P865,400.0,75.0,175.0,155.0,500.0,2.0,30000.0,11.81275594578133
P866,400.0,75.0,175.0,300.0,200.0,0.0,30000.0,11.299930244707834
P867,400.0,75.0,175.0,300.0,200.0,1.0,30000.0,11.690385222347276
P868,400.0,75.0,175.0,300.0,200.0,2.0,30000.0,11.900620279192905
P869,400.0,75.0,175.0,300.0,350.0,0.0,30000.0,11.228119253263912
P870,400.0,75.0,175.0,300.0,350.0,1.0,30000.0,11.642355960398445
P871,400.0,75.0,175.0,300.0,350.0,2.0,30000.0,11.86187665738724
P872,400.0,75.0,175.0,300.0,500.0,0.0,30000.0,11.209330789258392
P873,400.0,75.0,175.0,300.0,500.0,1.0,30000.0,11.629979345969065
P874,400.0,75.0,175.0,300.0,500.0,2.0,30000.0,11.851951580521822
P875,400.0,75.0,300.0,10.0,200.0,0.0,30000.0,10.988254434382185
P876,400.0,75.0,300.0,10.0,200.0,1.0,30000.0,11.490444654541077
P877,400.0,75.0,300.0,10.0,200.0,2.0,30000.0,11.741788628075087
P878,400.0,75.0,300.0,10.0,350.0,0.0,30000.0,10.979769020719225
P879,400.0,75.0,300.0,10.0,350.0,1.0,30000.0,11.485317857908678
P880,400.0,75.0,300.0,10.0,350.0,2.0,30000.0,11.737803511178097
P881,400.0,75.0,300.0,10.0,500.0,0.0,30000.0,10.97635459145238
P882,400.0,75.0,300.0,10.0,500.0,1.0,30000.0,11.483259757014471
P883,400.0,75.0,300.0,10.0,500.0,2.0,30000.0,11.736205007037277
P884,400.0,75.0,300.0,155.0,200.0,0.0,30000.0,11.19163145407322
P885,400.0,75.0,300.0,155.0,200.0,1.0,30000.0,11.618392974903964
P886,400.0,75.0,300.0,155.0,200.0,2.0,30000.0,11.842682346841851
P887,400.0,75.0,300.0,155.0,350.0,0.0,30000.0,11.15797760019988
P888,400.0,75.0,300.0,155.0,350.0,1.0,30000.0,11.596558642263307
P889,400.0,75.0,300.0,155.0,350.0,2.0,30000.0,11.825273320384177
P890,400.0,75.0,300.0,155.0,500.0,0.0,30000.0,11.13343507403426
P891,400.0,75.0,300.0,155.0,500.0,1.0,30000.0,11.580799043615928
P892,400.0,75.0,300.0,155.0,500.0,2.0,30000.0,11.81275594578133
P893,400.0,75.0,300.0,300.0,200.0,0.0,30000.0,11.299930244707834
P894,400.0,75.0,300.0,300.0,200.0,1.0,30000.0,11.690385222347276
P895,400.0,75.0,300.0,300.0,200.0,2.0,30000.0,11.900620279192905
P896,400.0,75.0,300.0,300.0,350.0,0.0,30000.0,11.228119253263912
P897,400.0,75.0,300.0,300.0,350.0,1.0,30000.0,11.642355960398445
P898,400.0,75.0,300.0,300.0,350.0,2.0,30000.0,11.86187665738724
P899,400.0,75.0,300.0,300.0,500.0,0.0,30000.0,11.209330789258392
P900,400.0,75.0,300.0,300.0,500.0,1.0,30000.0,11.629979345969065
P901,400.0,75.0,300.0,300.0,500.0,2.0,30000.0,11.851951580521822
P902,400.0,96.0,50.0,10.0,200.0,0.0,38400.0,11.178053946515831
P903,400.0,96.0,50.0,10.0,200.0,1.0,38400.0,11.60955295855382
P904,400.0,96.0,50.0,10.0,200.0,2.0,38400.0,11.835624716553893
P905,400.0,96.0,50.0,10.0,350.0,0.0,38400.0,11.171040606504132
P906,400.0,96.0,50.0,10.0,350.0,1.0,38400.0,11.605003153171136
P907,400.0,96.0,50.0,10.0,350.0,2.0,38400.0,11.831997186911273
P908,400.0,96.0,50.0,10.0,500.0,0.0,38400.0,11.16822143995547
P909,400.0,96.0,50.0,10.0,500.0,1.0,38400.0,11.603177418947254
P910,400.0,96.0,50.0,10.0,500.0,2.0,38400.0,11.830542482505198
P911,400.0,96.0,50.0,155.0,200.0,0.0,38400.0,11.376979731597787
P912,400.0,96.0,50.0,155.0,200.0,1.0,38400.0,11.743171732171444
P913,400.0,96.0,50.0,155.0,200.0,2.0,38400.0,11.943609876211239
P914,400.0,96.0,50.0,155.0,350.0,0.0,38400.0,11.327667601443988
P915,400.0,96.0,50.0,155.0,350.0,1.0,38400.0,11.709240323899186
P916,400.0,96.0,50.0,155.0,350.0,2.0,38400.0,11.915927542306907
P917,400.0,96.0,50.0,155.0,500.0,0.0,38400.0,11.308223320794621
P918,400.0,96.0,50.0,155.0,500.0,1.0,38400.0,11.696005067708077
P919,400.0,96.0,50.0,155.0,500.0,2.0,38400.0,11.905176990272142
P920,400.0,96.0,50.0,300.0,200.0,0.0,38400.0,11.453005594758032
P921,400.0,96.0,50.0,300.0,200.0,1.0,38400.0,11.796494088780467
P922,400.0,96.0,50.0,300.0,200.0,2.0,38400.0,11.987456330797967
P923,400.0,96.0,50.0,300.0,350.0,0.0,38400.0,11.408497847361003
P924,400.0,96.0,50.0,300.0,350.0,1.0,38400.0,11.765130607558453
P925,400.0,96.0,50.0,300.0,350.0,2.0,38400.0,11.961616076854764
P926,400.0,96.0,50.0,300.0,500.0,0.0,38400.0,11.371177551860013
P927,400.0,96.0,50.0,300.0,500.0,1.0,38400.0,11.739152258205221
P928,400.0,96.0,50.0,300.0,500.0,2.0,38400.0,11.940321652566508
P929,400.0,96.0,175.0,10.0,200.0,0.0,38400.0,11.178053946515831
P930,400.0,96.0,175.0,10.0,200.0,1.0,38400.0,11.60955295855382
P931,400.0,96.0,175.0,10.0,200.0,2.0,38400.0,11.835624716553893
P932,400.0,96.0,175.0,10.0,350.0,0.0,38400.0,11.171040606504132
P933,400.0,96.0,175.0,10.0,350.0,1.0,38400.0,11.605003153171136
P934,400.0,96.0,175.0,10.0,350.0,2.0,38400.0,11.831997186911273
P935,400.0,96.0,175.0,10.0,500.0,0.0,38400.0,11.16822143995547
P936,400.0,96.0,175.0,10.0,500.0,1.0,38400.0,11.603177418947254
P937,400.0,96.0,175.0,10.0,500.0,2.0,38400.0,11.830542482505198
P938,400.0,96.0,175.0,155.0,200.0,0.0,38400.0,11.376979731597787
P939,400.0,96.0,175.0,155.0,200.0,1.0,38400.0,11.743171732171444
P940,400.0,96.0,175.0,155.0,200.0,2.0,38400.0,11.943609876211239
P941,400.0,96.0,175.0,155.0,350.0,0.0,38400.0,11.327667601443988
P942,400.0,96.0,175.0,155.0,350.0,1.0,38400.0,11.709240323899186
P943,400.0,96.0,175.0,155.0,350.0,2.0,38400.0,11.915927542306907
P944,400.0,96.0,175.0,155.0,500.0,0.0,38400.0,11.308223320794621
P945,400.0,96.0,175.0,155.0,500.0,1.0,38400.0,11.696005067708077
P946,400.0,96.0,175.0,155.0,500.0,2.0,38400.0,11.905176990272142
P947,400.0,96.0,175.0,300.0,200.0,0.0,38400.0,11.453005594758032
P948,400.0,96.0,175.0,300.0,200.0,1.0,38400.0,11.796494088780467
P949,400.0,96.0,175.0,300.0,200.0,2.0,38400.0,11.987456330797967
P950,400.0,96.0,175.0,300.0,350.0,0.0,38400.0,11.408497847361003
P951,400.0,96.0,175.0,300.0,350.0,1.0,38400.0,11.765130607558453
P952,400.0,96.0,175.0,300.0,350.0,2.0,38400.0,11.961616076854764
P953,400.0,96.0,175.0,300.0,500.0,0.0,38400.0,11.371177551860013
P954,400.0,96.0,175.0,300.0,500.0,1.0,38400.0,11.739152258205221
P955,400.0,96.0,175.0,300.0,500.0,2.0,38400.0,11.940321652566508
P956,400.0,96.0,300.0,10.0,200.0,0.0,38400.0,11.178053946515831
P957,400.0,96.0,300.0,10.0,200.0,1.0,38400.0,11.60955295855382
P958,400.0,96.0,300.0,10.0,200.0,2.0,38400.0,11.835624716553893
P959,400.0,96.0,300.0,10.0,350.0,0.0,38400.0,11.171040606504132
P960,400.0,96.0,300.0,10.0,350.0,1.0,38400.0,11.605003153171136
P961,400.0,96.0,300.0,10.0,350.0,2.0,38400.0,11.831997186911273
P962,400.0,96.0,300.0,10.0,500.0,0.0,38400.0,11.16822143995547
P963,400.0,96.0,300.0,10.0,500.0,1.0,38400.0,11.603177418947254
P964,400.0,96.0,300.0,10.0,500.0,2.0,38400.0,11.830542482505198
P965,400.0,96.0,300.0,155.0,200.0,0.0,38400.0,11.376979731597787
P966,400.0,96.0,300.0,155.0,200.0,1.0,38400.0,11.743171732171444
P967,400.0,96.0,300.0,155.0,200.0,2.0,38400.0,11.943609876211239
P968,400.0,96.0,300.0,155.0,350.0,0.0,38400.0,11.327667601443988
P969,400.0,96.0,300.0,155.0,350.0,1.0,38400.0,11.709240323899186
P970,400.0,96.0,300.0,155.0,350.0,2.0,38400.0,11.915927542306907
P971,400.0,96.0,300.0,155.0,500.0,0.0,38400.0,11.308223320794621
P972,400.0,96.0,300.0,155.0,500.0,1.0,38400.0,11.696005067708077
P973,400.0,96.0,300.0,155.0,500.0,2.0,38400.0,11.905176990272142
P974,400.0,96.0,300.0,300.0,200.0,0.0,38400.0,11.453005594758032
P975,400.0,96.0,300.0,300.0,200.0,1.0,38400.0,11.796494088780467
P976,400.0,96.0,300.0,300.0,200.0,2.0,38400.0,11.987456330797967
P977,400.0,96.0,300.0,300.0,350.0,0.0,38400.0,11.408497847361003
P978,400.0,96.0,300.0,300.0,350.0,1.0,38400.0,11.765130607558453
P979,400.0,96.0,300.0,300.0,350.0,2.0,38400.0,11.961616076854764
P980,400.0,96.0,300.0,300.0,500.0,0.0,38400.0,11.371177551860013
P981,400.0,96.0,300.0,300.0,500.0,1.0,38400.0,11.739152258205221
P982,400.0,96.0,300.0,300.0,500.0,2.0,38400.0,11.940321652566508
