tag,flow_rate,fluid_head,rpm,spec_gravity,power_kw,diameter_proxy,useful_kw_log,weight_log
P12,10.0,10.0,1800,15.0,0.6,0.0017568209213397546,4.61512051684126,5.521460917862246
P13,10.0,10.0,1800,15.0,0.6,0.0017568209213397546,4.61512051684126,5.521460917862246
P14,10.0,10.0,1800,15.0,0.6,0.0017568209213397546,4.61512051684126,5.521460917862246
P15,10.0,10.0,1800,15.0,1.1,0.0017568209213397546,4.61512051684126,5.521460917862246
P16,10.0,10.0,1800,15.0,1.1,0.0017568209213397546,4.61512051684126,5.521460917862246
P17,10.0,10.0,1800,15.0,1.1,0.0017568209213397546,4.61512051684126,5.521460917862246
P18,10.0,10.0,1800,15.0,1.6,0.0017568209213397546,4.61512051684126,5.560681631015528
P19,10.0,10.0,1800,15.0,1.6,0.0017568209213397546,4.61512051684126,5.560681631015528
P20,10.0,10.0,1800,15.0,1.6,0.0017568209213397546,4.61512051684126,5.560681631015528
P156,10.0,26.66666666666667,1800,15.0,0.6,0.0028688765511524147,5.5897424252786525,5.66988092298052
P157,10.0,26.66666666666667,1800,15.0,0.6,0.0028688765511524147,5.5897424252786525,5.66988092298052
P158,10.0,26.66666666666667,1800,15.0,0.6,0.0028688765511524147,5.5897424252786525,5.66988092298052
P159,10.0,26.66666666666667,1800,15.0,1.1,0.0028688765511524147,5.5897424252786525,5.66988092298052
P160,10.0,26.66666666666667,1800,15.0,1.1,0.0028688765511524147,5.5897424252786525,5.66988092298052
P161,10.0,26.66666666666667,1800,15.0,1.1,0.0028688765511524147,5.5897424252786525,5.66988092298052
P162,10.0,26.66666666666667,1800,15.0,1.6,0.0028688765511524147,5.5897424252786525,5.703782474656201
P163,10.0,26.66666666666667,1800,15.0,1.6,0.0028688765511524147,5.5897424252786525,5.703782474656201
P164,10.0,26.66666666666667,1800,15.0,1.6,0.0028688765511524147,5.5897424252786525,5.703782474656201
P300,10.0,43.33333333333334,1800,15.0,0.6,0.0036571143791037327,6.073812288456736,5.857933154483459
P301,10.0,43.33333333333334,1800,15.0,0.6,0.0036571143791037327,6.073812288456736,5.857933154483459
P302,10.0,43.33333333333334,1800,15.0,0.6,0.0036571143791037327,6.073812288456736,5.857933154483459
P303,10.0,43.33333333333334,1800,15.0,1.1,0.0036571143791037327,6.073812288456736,5.857933154483459
P304,10.0,43.33333333333334,1800,15.0,1.1,0.0036571143791037327,6.073812288456736,5.857933154483459
P305,10.0,43.33333333333334,1800,15.0,1.1,0.0036571143791037327,6.073812288456736,5.857933154483459
P306,10.0,43.33333333333334,1800,15.0,1.6,0.0036571143791037327,6.073812288456736,5.886104031450156
P307,10.0,43.33333333333334,1800,15.0,1.6,0.0036571143791037327,6.073812288456736,5.886104031450156
P308,10.0,43.33333333333334,1800,15.0,1.6,0.0036571143791037327,6.073812288456736,5.886104031450156
P444,10.0,60.0,1800,15.0,0.6,0.004303314826728621,6.398594934535208,6.016157159698354
P445,10.0,60.0,1800,15.0,0.6,0.004303314826728621,6.398594934535208,6.016157159698354
P446,10.0,60.0,1800,15.0,0.6,0.004303314826728621,6.398594934535208,6.016157159698354
P447,10.0,60.0,1800,15.0,1.1,0.004303314826728621,6.398594934535208,6.040254711277414
P448,10.0,60.0,1800,15.0,1.1,0.004303314826728621,6.398594934535208,6.040254711277414
P449,10.0,60.0,1800,15.0,1.1,0.004303314826728621,6.398594934535208,6.040254711277414
P450,10.0,60.0,1800,15.0,1.6,0.004303314826728621,6.398594934535208,6.063785208687608
P451,10.0,60.0,1800,15.0,1.6,0.004303314826728621,6.398594934535208,6.063785208687608
P452,10.0,60.0,1800,15.0,1.6,0.004303314826728621,6.398594934535208,6.063785208687608
P588,46.66666666666666,10.0,1800,15.0,0.6,0.0017568209213397546,6.147755791434351,5.768320995793772
P589,46.66666666666666,10.0,1800,15.0,0.6,0.0017568209213397546,6.147755791434351,5.768320995793772
P590,46.66666666666666,10.0,1800,15.0,0.6,0.0017568209213397546,6.147755791434351,5.768320995793772
P591,46.66666666666666,10.0,1800,15.0,1.1,0.0017568209213397546,6.147755791434351,5.768320995793772
P592,46.66666666666666,10.0,1800,15.0,1.1,0.0017568209213397546,6.147755791434351,5.768320995793772
P593,46.66666666666666,10.0,1800,15.0,1.1,0.0017568209213397546,6.147755791434351,5.768320995793772
P594,46.66666666666666,10.0,1800,15.0,1.6,0.0017568209213397546,6.147755791434351,5.799092654460526
P595,46.66666666666666,10.0,1800,15.0,1.6,0.0017568209213397546,6.147755791434351,5.799092654460526
P596,46.66666666666666,10.0,1800,15.0,1.6,0.0017568209213397546,6.147755791434351,5.799092654460526
P732,46.66666666666666,26.66666666666667,1800,15.0,0.6,0.0028688765511524147,7.127247728684876,5.991464547107982
P733,46.66666666666666,26.66666666666667,1800,15.0,0.6,0.0028688765511524147,7.127247728684876,5.991464547107982
P734,46.66666666666666,26.66666666666667,1800,15.0,0.6,0.0028688765511524147,7.127247728684876,5.991464547107982
P735,46.66666666666666,26.66666666666667,1800,15.0,1.1,0.0028688765511524147,7.127247728684876,6.016157159698354
P736,46.66666666666666,26.66666666666667,1800,15.0,1.1,0.0028688765511524147,7.127247728684876,6.016157159698354
P737,46.66666666666666,26.66666666666667,1800,15.0,1.1,0.0028688765511524147,7.127247728684876,6.016157159698354
P738,46.66666666666666,26.66666666666667,1800,15.0,1.6,0.0028688765511524147,7.127247728684876,6.040254711277414
P739,46.66666666666666,26.66666666666667,1800,15.0,1.6,0.0028688765511524147,7.127247728684876,6.040254711277414
P740,46.66666666666666,26.66666666666667,1800,15.0,1.6,0.0028688765511524147,7.127247728684876,6.040254711277414
P876,46.66666666666666,43.33333333333334,1800,15.0,0.6,0.0036571143791037327,7.6124466789956236,6.194405391104672
P877,46.66666666666666,43.33333333333334,1800,15.0,0.6,0.0036571143791037327,7.6124466789956236,6.194405391104672
P878,46.66666666666666,43.33333333333334,1800,15.0,0.6,0.0036571143791037327,7.6124466789956236,6.194405391104672
P879,46.66666666666666,43.33333333333334,1800,15.0,1.1,0.0036571143791037327,7.6124466789956236,6.214608098422191
P880,46.66666666666666,43.33333333333334,1800,15.0,1.1,0.0036571143791037327,7.6124466789956236,6.214608098422191
P881,46.66666666666666,43.33333333333334,1800,15.0,1.1,0.0036571143791037327,7.6124466789956236,6.214608098422191
P882,46.66666666666666,43.33333333333334,1800,15.0,1.6,0.0036571143791037327,7.6124466789956236,6.234410725718371
P883,46.66666666666666,43.33333333333334,1800,15.0,1.6,0.0036571143791037327,7.6124466789956236,6.234410725718371
P884,46.66666666666666,43.33333333333334,1800,15.0,1.6,0.0036571143791037327,7.6124466789956236,6.234410725718371
P1020,46.66666666666666,60.0,1800,15.0,0.6,0.004303314826728621,7.937731775260108,6.380122536899765
P1021,46.66666666666666,60.0,1800,15.0,0.6,0.004303314826728621,7.937731775260108,6.380122536899765
P1022,46.66666666666666,60.0,1800,15.0,0.6,0.004303314826728621,7.937731775260108,6.380122536899765
P1023,46.66666666666666,60.0,1800,15.0,1.1,0.004303314826728621,7.937731775260108,6.396929655216146
P1024,46.66666666666666,60.0,1800,15.0,1.1,0.004303314826728621,7.937731775260108,6.396929655216146
P1025,46.66666666666666,60.0,1800,15.0,1.1,0.004303314826728621,7.937731775260108,6.396929655216146
P1026,46.66666666666666,60.0,1800,15.0,1.6,0.004303314826728621,7.937731775260108,6.413458957167357
P1027,46.66666666666666,60.0,1800,15.0,1.6,0.004303314826728621,7.937731775260108,6.413458957167357
P1028,46.66666666666666,60.0,1800,15.0,1.6,0.004303314826728621,7.937731775260108,6.413458957167357
P1164,83.33333333333333,10.0,1800,15.0,0.6,0.0017568209213397546,6.7266330027636645,6.016157159698354
P1165,83.33333333333333,10.0,1800,15.0,0.6,0.0017568209213397546,6.7266330027636645,6.016157159698354
P1166,83.33333333333333,10.0,1800,15.0,0.6,0.0017568209213397546,6.7266330027636645,6.016157159698354
P1167,83.33333333333333,10.0,1800,15.0,1.1,0.0017568209213397546,6.7266330027636645,6.040254711277414
P1168,83.33333333333333,10.0,1800,15.0,1.1,0.0017568209213397546,6.7266330027636645,6.040254711277414
P1169,83.33333333333333,10.0,1800,15.0,1.1,0.0017568209213397546,6.7266330027636645,6.040254711277414
P1170,83.33333333333333,10.0,1800,15.0,1.6,0.0017568209213397546,6.7266330027636645,6.063785208687608
P1171,83.33333333333333,10.0,1800,15.0,1.6,0.0017568209213397546,6.7266330027636645,6.063785208687608
P1172,83.33333333333333,10.0,1800,15.0,1.6,0.0017568209213397546,6.7266330027636645,6.063785208687608
P1308,83.33333333333333,26.66666666666667,1800,15.0,0.6,0.0028688765511524147,7.7067128739802735,6.272877006546167
P1309,83.33333333333333,26.66666666666667,1800,15.0,0.6,0.0028688765511524147,7.7067128739802735,6.272877006546167
P1310,83.33333333333333,26.66666666666667,1800,15.0,0.6,0.0028688765511524147,7.7067128739802735,6.272877006546167
P1311,83.33333333333333,26.66666666666667,1800,15.0,1.1,0.0028688765511524147,7.7067128739802735,6.29156913955832
P1312,83.33333333333333,26.66666666666667,1800,15.0,1.1,0.0028688765511524147,7.7067128739802735,6.29156913955832
P1313,83.33333333333333,26.66666666666667,1800,15.0,1.1,0.0028688765511524147,7.7067128739802735,6.29156913955832
P1314,83.33333333333333,26.66666666666667,1800,15.0,1.6,0.0028688765511524147,7.7067128739802735,6.309918278226516
P1315,83.33333333333333,26.66666666666667,1800,15.0,1.6,0.0028688765511524147,7.7067128739802735,6.309918278226516
P1316,83.33333333333333,26.66666666666667,1800,15.0,1.6,0.0028688765511524147,7.7067128739802735,6.309918278226516
P1452,83.33333333333333,43.33333333333334,1800,15.0,0.6,0.0036571143791037327,8.192047675722415,6.476972362889683
P1453,83.33333333333333,43.33333333333334,1800,15.0,0.6,0.0036571143791037327,8.192047675722415,6.476972362889683
P1454,83.33333333333333,43.33333333333334,1800,15.0,0.6,0.0036571143791037327,8.192047675722415,6.476972362889683
P1455,83.33333333333333,43.33333333333334,1800,15.0,1.1,0.0036571143791037327,8.192047675722415,6.492239835020471
P1456,83.33333333333333,43.33333333333334,1800,15.0,1.1,0.0036571143791037327,8.192047675722415,6.492239835020471
P1457,83.33333333333333,43.33333333333334,1800,15.0,1.1,0.0036571143791037327,8.192047675722415,6.492239835020471
P1458,83.33333333333333,43.33333333333334,1800,15.0,1.6,0.0036571143791037327,8.192047675722415,6.507277712385012
P1459,83.33333333333333,43.33333333333334,1800,15.0,1.6,0.0036571143791037327,8.192047675722415,6.507277712385012
P1460,83.33333333333333,43.33333333333334,1800,15.0,1.6,0.0036571143791037327,8.192047675722415,6.507277712385012
P1596,83.33333333333333,60.0,1800,15.0,0.6,0.004303314826728621,8.517393171418904,6.646390514847729
P1597,83.33333333333333,60.0,1800,15.0,0.6,0.004303314826728621,8.517393171418904,6.646390514847729
P1598,83.33333333333333,60.0,1800,15.0,0.6,0.004303314826728621,8.517393171418904,6.646390514847729
P1599,83.33333333333333,60.0,1800,15.0,1.1,0.004303314826728621,8.517393171418904,6.659293919683638
P1600,83.33333333333333,60.0,1800,15.0,1.1,0.004303314826728621,8.517393171418904,6.659293919683638
P1601,83.33333333333333,60.0,1800,15.0,1.1,0.004303314826728621,8.517393171418904,6.659293919683638
P1602,83.33333333333333,60.0,1800,15.0,1.6,0.004303314826728621,8.517393171418904,6.672032945461067
P1603,83.33333333333333,60.0,1800,15.0,1.6,0.004303314826728621,8.517393171418904,6.672032945461067
P1604,83.33333333333333,60.0,1800,15.0,1.6,0.004303314826728621,8.517393171418904,6.672032945461067
P1740,120.0,10.0,1800,15.0,0.6,0.0017568209213397546,7.0909098220799835,6.194405391104672
P1741,120.0,10.0,1800,15.0,0.6,0.0017568209213397546,7.0909098220799835,6.194405391104672
P1742,120.0,10.0,1800,15.0,0.6,0.0017568209213397546,7.0909098220799835,6.194405391104672
P1743,120.0,10.0,1800,15.0,1.1,0.0017568209213397546,7.0909098220799835,6.214608098422191
P1744,120.0,10.0,1800,15.0,1.1,0.0017568209213397546,7.0909098220799835,6.214608098422191
P1745,120.0,10.0,1800,15.0,1.1,0.0017568209213397546,7.0909098220799835,6.214608098422191
P1746,120.0,10.0,1800,15.0,1.6,0.0017568209213397546,7.0909098220799835,6.234410725718371
P1747,120.0,10.0,1800,15.0,1.6,0.0017568209213397546,7.0909098220799835,6.234410725718371
P1748,120.0,10.0,1800,15.0,1.6,0.0017568209213397546,7.0909098220799835,6.234410725718371
P1884,120.0,26.66666666666667,1800,15.0,0.6,0.0028688765511524147,8.071218539969863,6.476972362889683
P1885,120.0,26.66666666666667,1800,15.0,0.6,0.0028688765511524147,8.071218539969863,6.476972362889683
P1886,120.0,26.66666666666667,1800,15.0,0.6,0.0028688765511524147,8.071218539969863,6.476972362889683
P1887,120.0,26.66666666666667,1800,15.0,1.1,0.0028688765511524147,8.071218539969863,6.492239835020471
P1888,120.0,26.66666666666667,1800,15.0,1.1,0.0028688765511524147,8.071218539969863,6.492239835020471
P1889,120.0,26.66666666666667,1800,15.0,1.1,0.0028688765511524147,8.071218539969863,6.492239835020471
P1890,120.0,26.66666666666667,1800,15.0,1.6,0.0028688765511524147,8.071218539969863,6.507277712385012
P1891,120.0,26.66666666666667,1800,15.0,1.6,0.0028688765511524147,8.071218539969863,6.507277712385012
P1892,120.0,26.66666666666667,1800,15.0,1.6,0.0028688765511524147,8.071218539969863,6.507277712385012
P2028,120.0,43.33333333333334,1800,15.0,0.6,0.0036571143791037327,8.556606193773073,6.684611727667927
P2029,120.0,43.33333333333334,1800,15.0,0.6,0.0036571143791037327,8.556606193773073,6.684611727667927
P2030,120.0,43.33333333333334,1800,15.0,0.6,0.0036571143791037327,8.556606193773073,6.684611727667927
P2031,120.0,43.33333333333334,1800,15.0,1.1,0.0036571143791037327,8.556606193773073,6.697034247666484
P2032,120.0,43.33333333333334,1800,15.0,1.1,0.0036571143791037327,8.556606193773073,6.697034247666484
P2033,120.0,43.33333333333334,1800,15.0,1.1,0.0036571143791037327,8.556606193773073,6.697034247666484
P2034,120.0,43.33333333333334,1800,15.0,1.6,0.0036571143791037327,8.556606193773073,6.709304340258298
P2035,120.0,43.33333333333334,1800,15.0,1.6,0.0036571143791037327,8.556606193773073,6.709304340258298
P2036,120.0,43.33333333333334,1800,15.0,1.6,0.0036571143791037327,8.556606193773073,6.709304340258298
P2172,120.0,60.0,1800,15.0,0.6,0.004303314826728621,8.881975184248867,6.84587987526405
P2173,120.0,60.0,1800,15.0,0.6,0.004303314826728621,8.881975184248867,6.84587987526405
P2174,120.0,60.0,1800,15.0,0.6,0.004303314826728621,8.881975184248867,6.84587987526405
P2175,120.0,60.0,1800,15.0,1.1,0.004303314826728621,8.881975184248867,6.856461984594587
P2176,120.0,60.0,1800,15.0,1.1,0.004303314826728621,8.881975184248867,6.856461984594587
P2177,120.0,60.0,1800,15.0,1.1,0.004303314826728621,8.881975184248867,6.856461984594587
P2178,120.0,60.0,1800,15.0,1.6,0.004303314826728621,8.881975184248867,6.866933284461882
P2179,120.0,60.0,1800,15.0,1.6,0.004303314826728621,8.881975184248867,6.866933284461882
P2180,120.0,60.0,1800,15.0,1.6,0.004303314826728621,8.881975184248867,6.866933284461882
P2424,5.0,60.0,3600,50.0,0.7,0.0021516574139619936,5.707110264748875,5.521460917862246
P2425,5.0,60.0,3600,50.0,0.7,0.0021516574139619936,5.707110264748875,5.521460917862246
P2426,5.0,60.0,3600,50.0,0.7,0.0021516574139619936,5.707110264748875,5.521460917862246
P2427,5.0,60.0,3600,50.0,1.35,0.0021516574139619936,5.707110264748875,5.560681631015528
P2428,5.0,60.0,3600,50.0,1.35,0.0021516574139619936,5.707110264748875,5.560681631015528
P2429,5.0,60.0,3600,50.0,1.35,0.0021516574139619936,5.707110264748875,5.560681631015528
P2430,5.0,60.0,3600,50.0,2.0,0.0021516574139619936,5.707110264748875,5.560681631015528
P2431,5.0,60.0,3600,50.0,2.0,0.0021516574139619936,5.707110264748875,5.560681631015528
P2432,5.0,60.0,3600,50.0,2.0,0.0021516574139619936,5.707110264748875,5.560681631015528
P2568,5.0,123.3333333333333,3600,50.0,0.7,0.0030848761563574754,6.42594893761725,5.634789603169249
P2569,5.0,123.3333333333333,3600,50.0,0.7,0.0030848761563574754,6.42594893761725,5.634789603169249
P2570,5.0,123.3333333333333,3600,50.0,0.7,0.0030848761563574754,6.42594893761725,5.634789603169249
P2571,5.0,123.3333333333333,3600,50.0,1.35,0.0030848761563574754,6.42594893761725,5.634789603169249
P2572,5.0,123.3333333333333,3600,50.0,1.35,0.0030848761563574754,6.42594893761725,5.634789603169249
P2573,5.0,123.3333333333333,3600,50.0,1.35,0.0030848761563574754,6.42594893761725,5.634789603169249
P2574,5.0,123.3333333333333,3600,50.0,2.0,0.0030848761563574754,6.42594893761725,5.66988092298052
P2575,5.0,123.3333333333333,3600,50.0,2.0,0.0030848761563574754,6.42594893761725,5.66988092298052
P2576,5.0,123.3333333333333,3600,50.0,2.0,0.0030848761563574754,6.42594893761725,5.66988092298052
P2712,5.0,186.6666666666667,3600,50.0,0.7,0.003795166949301194,6.839833262496679,5.799092654460526
P2713,5.0,186.6666666666667,3600,50.0,0.7,0.003795166949301194,6.839833262496679,5.799092654460526
P2714,5.0,186.6666666666667,3600,50.0,0.7,0.003795166949301194,6.839833262496679,5.799092654460526
P2715,5.0,186.6666666666667,3600,50.0,1.35,0.003795166949301194,6.839833262496679,5.8289456176102075
P2716,5.0,186.6666666666667,3600,50.0,1.35,0.003795166949301194,6.839833262496679,5.8289456176102075
P2717,5.0,186.6666666666667,3600,50.0,1.35,0.003795166949301194,6.839833262496679,5.8289456176102075
P2718,5.0,186.6666666666667,3600,50.0,2.0,0.003795166949301194,6.839833262496679,5.8289456176102075
P2719,5.0,186.6666666666667,3600,50.0,2.0,0.003795166949301194,6.839833262496679,5.8289456176102075
P2720,5.0,186.6666666666667,3600,50.0,2.0,0.003795166949301194,6.839833262496679,5.8289456176102075
P2856,5.0,250.0,3600,50.0,0.7,0.004392052304569401,7.1316985104669115,5.966146739123692
P2857,5.0,250.0,3600,50.0,0.7,0.004392052304569401,7.1316985104669115,5.966146739123692
P2858,5.0,250.0,3600,50.0,0.7,0.004392052304569401,7.1316985104669115,5.966146739123692
P2859,5.0,250.0,3600,50.0,1.35,0.004392052304569401,7.1316985104669115,5.991464547107982
P2860,5.0,250.0,3600,50.0,1.35,0.004392052304569401,7.1316985104669115,5.991464547107982
P2861,5.0,250.0,3600,50.0,1.35,0.004392052304569401,7.1316985104669115,5.991464547107982
P2862,5.0,250.0,3600,50.0,2.0,0.004392052304569401,7.1316985104669115,5.991464547107982
P2863,5.0,250.0,3600,50.0,2.0,0.004392052304569401,7.1316985104669115,5.991464547107982
P2864,5.0,250.0,3600,50.0,2.0,0.004392052304569401,7.1316985104669115,5.991464547107982
P3000,30.0,60.0,3600,50.0,0.7,0.0021516574139619936,7.496097345175956,5.521460917862246
P3001,30.0,60.0,3600,50.0,0.7,0.0021516574139619936,7.496097345175956,5.521460917862246
P3002,30.0,60.0,3600,50.0,0.7,0.0021516574139619936,7.496097345175956,5.521460917862246
P3003,30.0,60.0,3600,50.0,1.35,0.0021516574139619936,7.496097345175956,5.560681631015528
P3004,30.0,60.0,3600,50.0,1.35,0.0021516574139619936,7.496097345175956,5.560681631015528
P3005,30.0,60.0,3600,50.0,1.35,0.0021516574139619936,7.496097345175956,5.560681631015528
P3006,30.0,60.0,3600,50.0,2.0,0.0021516574139619936,7.496097345175956,5.560681631015528
P3007,30.0,60.0,3600,50.0,2.0,0.0021516574139619936,7.496097345175956,5.560681631015528
P3008,30.0,60.0,3600,50.0,2.0,0.0021516574139619936,7.496097345175956,5.560681631015528
P3144,30.0,123.3333333333333,3600,50.0,0.7,0.0030848761563574754,8.216358332386156,5.768320995793772
P3145,30.0,123.3333333333333,3600,50.0,0.7,0.0030848761563574754,8.216358332386156,5.768320995793772
P3146,30.0,123.3333333333333,3600,50.0,0.7,0.0030848761563574754,8.216358332386156,5.768320995793772
P3147,30.0,123.3333333333333,3600,50.0,1.35,0.0030848761563574754,8.216358332386156,5.768320995793772
P3148,30.0,123.3333333333333,3600,50.0,1.35,0.0030848761563574754,8.216358332386156,5.768320995793772
P3149,30.0,123.3333333333333,3600,50.0,1.35,0.0030848761563574754,8.216358332386156,5.768320995793772
P3150,30.0,123.3333333333333,3600,50.0,2.0,0.0030848761563574754,8.216358332386156,5.799092654460526
P3151,30.0,123.3333333333333,3600,50.0,2.0,0.0030848761563574754,8.216358332386156,5.799092654460526
P3152,30.0,123.3333333333333,3600,50.0,2.0,0.0030848761563574754,8.216358332386156,5.799092654460526
P3288,30.0,186.6666666666667,3600,50.0,0.7,0.003795166949301194,8.630700432209833,5.91350300563827
P3289,30.0,186.6666666666667,3600,50.0,0.7,0.003795166949301194,8.630700432209833,5.91350300563827
P3290,30.0,186.6666666666667,3600,50.0,0.7,0.003795166949301194,8.630700432209833,5.91350300563827
P3291,30.0,186.6666666666667,3600,50.0,1.35,0.003795166949301194,8.630700432209833,5.940171252720432
P3292,30.0,186.6666666666667,3600,50.0,1.35,0.003795166949301194,8.630700432209833,5.940171252720432
P3293,30.0,186.6666666666667,3600,50.0,1.35,0.003795166949301194,8.630700432209833,5.940171252720432
P3294,30.0,186.6666666666667,3600,50.0,2.0,0.003795166949301194,8.630700432209833,5.940171252720432
P3295,30.0,186.6666666666667,3600,50.0,2.0,0.003795166949301194,8.630700432209833,5.940171252720432
P3296,30.0,186.6666666666667,3600,50.0,2.0,0.003795166949301194,8.630700432209833,5.940171252720432
P3432,30.0,250.0,3600,50.0,0.7,0.004392052304569401,8.922791623969637,6.063785208687608
P3433,30.0,250.0,3600,50.0,0.7,0.004392052304569401,8.922791623969637,6.063785208687608
P3434,30.0,250.0,3600,50.0,0.7,0.004392052304569401,8.922791623969637,6.063785208687608
P3435,30.0,250.0,3600,50.0,1.35,0.004392052304569401,8.922791623969637,6.0867747269123065
P3436,30.0,250.0,3600,50.0,1.35,0.004392052304569401,8.922791623969637,6.0867747269123065
P3437,30.0,250.0,3600,50.0,1.35,0.004392052304569401,8.922791623969637,6.0867747269123065
P3438,30.0,250.0,3600,50.0,2.0,0.004392052304569401,8.922791623969637,6.1092475827643655
P3439,30.0,250.0,3600,50.0,2.0,0.004392052304569401,8.922791623969637,6.1092475827643655
P3440,30.0,250.0,3600,50.0,2.0,0.004392052304569401,8.922791623969637,6.1092475827643655
P3576,55.0,60.0,3600,50.0,0.7,0.0021516574139619936,8.101980731853192,5.66988092298052
P3577,55.0,60.0,3600,50.0,0.7,0.0021516574139619936,8.101980731853192,5.66988092298052
P3578,55.0,60.0,3600,50.0,0.7,0.0021516574139619936,8.101980731853192,5.66988092298052
P3579,55.0,60.0,3600,50.0,1.35,0.0021516574139619936,8.101980731853192,5.703782474656201
P3580,55.0,60.0,3600,50.0,1.35,0.0021516574139619936,8.101980731853192,5.703782474656201
P3581,55.0,60.0,3600,50.0,1.35,0.0021516574139619936,8.101980731853192,5.703782474656201
P3582,55.0,60.0,3600,50.0,2.0,0.0021516574139619936,8.101980731853192,5.703782474656201
P3583,55.0,60.0,3600,50.0,2.0,0.0021516574139619936,8.101980731853192,5.703782474656201
P3584,55.0,60.0,3600,50.0,2.0,0.0021516574139619936,8.101980731853192,5.703782474656201
P3720,55.0,123.3333333333333,3600,50.0,0.7,0.0030848761563574754,8.822371311484769,5.886104031450156
P3721,55.0,123.3333333333333,3600,50.0,0.7,0.0030848761563574754,8.822371311484769,5.886104031450156
P3722,55.0,123.3333333333333,3600,50.0,0.7,0.0030848761563574754,8.822371311484769,5.886104031450156
P3723,55.0,123.3333333333333,3600,50.0,1.35,0.0030848761563574754,8.822371311484769,5.886104031450156
P3724,55.0,123.3333333333333,3600,50.0,1.35,0.0030848761563574754,8.822371311484769,5.886104031450156
P3725,55.0,123.3333333333333,3600,50.0,1.35,0.0030848761563574754,8.822371311484769,5.886104031450156
P3726,55.0,123.3333333333333,3600,50.0,2.0,0.0030848761563574754,8.822371311484769,5.91350300563827
P3727,55.0,123.3333333333333,3600,50.0,2.0,0.0030848761563574754,8.822371311484769,5.91350300563827
P3728,55.0,123.3333333333333,3600,50.0,2.0,0.0030848761563574754,8.822371311484769,5.91350300563827
P3864,55.0,186.6666666666667,3600,50.0,0.7,0.003795166949301194,9.236755078147635,6.040254711277414
P3865,55.0,186.6666666666667,3600,50.0,0.7,0.003795166949301194,9.236755078147635,6.040254711277414
P3866,55.0,186.6666666666667,3600,50.0,0.7,0.003795166949301194,9.236755078147635,6.040254711277414
P3867,55.0,186.6666666666667,3600,50.0,1.35,0.003795166949301194,9.236755078147635,6.063785208687608
P3868,55.0,186.6666666666667,3600,50.0,1.35,0.003795166949301194,9.236755078147635,6.063785208687608
P3869,55.0,186.6666666666667,3600,50.0,1.35,0.003795166949301194,9.236755078147635,6.063785208687608
P3870,55.0,186.6666666666667,3600,50.0,2.0,0.003795166949301194,9.236755078147635,6.0867747269123065
P3871,55.0,186.6666666666667,3600,50.0,2.0,0.003795166949301194,9.236755078147635,6.0867747269123065
P3872,55.0,186.6666666666667,3600,50.0,2.0,0.003795166949301194,9.236755078147635,6.0867747269123065
P4008,55.0,250.0,3600,50.0,0.7,0.004392052304569401,9.528866827722945,6.194405391104672
P4009,55.0,250.0,3600,50.0,0.7,0.004392052304569401,9.528866827722945,6.194405391104672
P4010,55.0,250.0,3600,50.0,0.7,0.004392052304569401,9.528866827722945,6.194405391104672
P4011,55.0,250.0,3600,50.0,1.35,0.004392052304569401,9.528866827722945,6.214608098422191
P4012,55.0,250.0,3600,50.0,1.35,0.004392052304569401,9.528866827722945,6.214608098422191
P4013,55.0,250.0,3600,50.0,1.35,0.004392052304569401,9.528866827722945,6.214608098422191
P4014,55.0,250.0,3600,50.0,2.0,0.004392052304569401,9.528866827722945,6.234410725718371
P4015,55.0,250.0,3600,50.0,2.0,0.004392052304569401,9.528866827722945,6.234410725718371
P4016,55.0,250.0,3600,50.0,2.0,0.004392052304569401,9.528866827722945,6.234410725718371
P4152,80.0,60.0,3600,50.0,0.7,0.0021516574139619936,8.476579508530941,5.768320995793772
P4153,80.0,60.0,3600,50.0,0.7,0.0021516574139619936,8.476579508530941,5.768320995793772
P4154,80.0,60.0,3600,50.0,0.7,0.0021516574139619936,8.476579508530941,5.768320995793772
P4155,80.0,60.0,3600,50.0,1.35,0.0021516574139619936,8.476579508530941,5.768320995793772
P4156,80.0,60.0,3600,50.0,1.35,0.0021516574139619936,8.476579508530941,5.768320995793772
P4157,80.0,60.0,3600,50.0,1.35,0.0021516574139619936,8.476579508530941,5.768320995793772
P4158,80.0,60.0,3600,50.0,2.0,0.0021516574139619936,8.476579508530941,5.799092654460526
P4159,80.0,60.0,3600,50.0,2.0,0.0021516574139619936,8.476579508530941,5.799092654460526
P4160,80.0,60.0,3600,50.0,2.0,0.0021516574139619936,8.476579508530941,5.799092654460526
P4296,80.0,123.3333333333333,3600,50.0,0.7,0.0030848761563574754,9.197018697859692,5.991464547107982
P4297,80.0,123.3333333333333,3600,50.0,0.7,0.0030848761563574754,9.197018697859692,5.991464547107982
P4298,80.0,123.3333333333333,3600,50.0,0.7,0.0030848761563574754,9.197018697859692,5.991464547107982
P4299,80.0,123.3333333333333,3600,50.0,1.35,0.0030848761563574754,9.197018697859692,6.016157159698354
P4300,80.0,123.3333333333333,3600,50.0,1.35,0.0030848761563574754,9.197018697859692,6.016157159698354
P4301,80.0,123.3333333333333,3600,50.0,1.35,0.0030848761563574754,9.197018697859692,6.016157159698354
P4302,80.0,123.3333333333333,3600,50.0,2.0,0.0030848761563574754,9.197018697859692,6.016157159698354
P4303,80.0,123.3333333333333,3600,50.0,2.0,0.0030848761563574754,9.197018697859692,6.016157159698354
P4304,80.0,123.3333333333333,3600,50.0,2.0,0.0030848761563574754,9.197018697859692,6.016157159698354
P4440,80.0,186.6666666666667,3600,50.0,0.7,0.003795166949301194,9.611418091778674,6.152732694704104
P4441,80.0,186.6666666666667,3600,50.0,0.7,0.003795166949301194,9.611418091778674,6.152732694704104
P4442,80.0,186.6666666666667,3600,50.0,0.7,0.003795166949301194,9.611418091778674,6.152732694704104
P4443,80.0,186.6666666666667,3600,50.0,1.35,0.003795166949301194,9.611418091778674,6.173786103901937
P4444,80.0,186.6666666666667,3600,50.0,1.35,0.003795166949301194,9.611418091778674,6.173786103901937
P4445,80.0,186.6666666666667,3600,50.0,1.35,0.003795166949301194,9.611418091778674,6.173786103901937
P4446,80.0,186.6666666666667,3600,50.0,2.0,0.003795166949301194,9.611418091778674,6.194405391104672
P4447,80.0,186.6666666666667,3600,50.0,2.0,0.003795166949301194,9.611418091778674,6.194405391104672
P4448,80.0,186.6666666666667,3600,50.0,2.0,0.003795166949301194,9.611418091778674,6.194405391104672
P4584,80.0,250.0,3600,50.0,0.7,0.004392052304569401,9.90353755128617,6.309918278226516
P4585,80.0,250.0,3600,50.0,0.7,0.004392052304569401,9.90353755128617,6.309918278226516
P4586,80.0,250.0,3600,50.0,0.7,0.004392052304569401,9.90353755128617,6.309918278226516
P4587,80.0,250.0,3600,50.0,1.35,0.004392052304569401,9.90353755128617,6.327936783729195
P4588,80.0,250.0,3600,50.0,1.35,0.004392052304569401,9.90353755128617,6.327936783729195
P4589,80.0,250.0,3600,50.0,1.35,0.004392052304569401,9.90353755128617,6.327936783729195
P4590,80.0,250.0,3600,50.0,2.0,0.004392052304569401,9.90353755128617,6.345636360828596
P4591,80.0,250.0,3600,50.0,2.0,0.004392052304569401,9.90353755128617,6.345636360828596
P4592,80.0,250.0,3600,50.0,2.0,0.004392052304569401,9.90353755128617,6.345636360828596
P4692,1.0,250.0,3500,200.0,0.2,0.004517539513235531,5.5254529391317835,5.886104031450156
P4693,1.0,250.0,3500,200.0,0.2,0.004517539513235531,5.5254529391317835,5.886104031450156
P4694,1.0,250.0,3500,200.0,0.2,0.004517539513235531,5.5254529391317835,5.886104031450156
P4695,1.0,250.0,3500,200.0,0.7,0.004517539513235531,5.5254529391317835,5.91350300563827
P4696,1.0,250.0,3500,200.0,0.7,0.004517539513235531,5.5254529391317835,5.91350300563827
P4697,1.0,250.0,3500,200.0,0.7,0.004517539513235531,5.5254529391317835,5.91350300563827
P4698,1.0,250.0,3500,200.0,1.2,0.004517539513235531,5.5254529391317835,5.940171252720432
P4699,1.0,250.0,3500,200.0,1.2,0.004517539513235531,5.5254529391317835,5.940171252720432
P4700,1.0,250.0,3500,200.0,1.2,0.004517539513235531,5.5254529391317835,5.940171252720432
P4728,1.0,250.0,3600,200.0,0.2,0.004392052304569401,5.5254529391317835,5.886104031450156
P4729,1.0,250.0,3600,200.0,0.2,0.004392052304569401,5.5254529391317835,5.886104031450156
P4730,1.0,250.0,3600,200.0,0.2,0.004392052304569401,5.5254529391317835,5.886104031450156
P4731,1.0,250.0,3600,200.0,0.7,0.004392052304569401,5.5254529391317835,5.91350300563827
P4732,1.0,250.0,3600,200.0,0.7,0.004392052304569401,5.5254529391317835,5.91350300563827
P4733,1.0,250.0,3600,200.0,0.7,0.004392052304569401,5.5254529391317835,5.91350300563827
P4734,1.0,250.0,3600,200.0,1.2,0.004392052304569401,5.5254529391317835,5.940171252720432
P4735,1.0,250.0,3600,200.0,1.2,0.004392052304569401,5.5254529391317835,5.940171252720432
P4736,1.0,250.0,3600,200.0,1.2,0.004392052304569401,5.5254529391317835,5.940171252720432
P4836,1.0,550.0,3500,200.0,0.2,0.006700593940690444,6.311734809152915,7.937374696163295
P4837,1.0,550.0,3500,200.0,0.2,0.006700593940690444,6.311734809152915,7.937374696163295
P4838,1.0,550.0,3500,200.0,0.2,0.006700593940690444,6.311734809152915,7.937374696163295
P4839,1.0,550.0,3500,200.0,0.7,0.006700593940690444,6.311734809152915,7.937374696163295
P4840,1.0,550.0,3500,200.0,0.7,0.006700593940690444,6.311734809152915,7.937374696163295
P4841,1.0,550.0,3500,200.0,0.7,0.006700593940690444,6.311734809152915,7.937374696163295
P4842,1.0,550.0,3500,200.0,1.2,0.006700593940690444,6.311734809152915,7.937374696163295
P4843,1.0,550.0,3500,200.0,1.2,0.006700593940690444,6.311734809152915,7.937374696163295
P4844,1.0,550.0,3500,200.0,1.2,0.006700593940690444,6.311734809152915,7.937374696163295
P4872,1.0,550.0,3600,200.0,0.2,0.006514466331278524,6.311734809152915,7.937374696163295
P4873,1.0,550.0,3600,200.0,0.2,0.006514466331278524,6.311734809152915,7.937374696163295
P4874,1.0,550.0,3600,200.0,0.2,0.006514466331278524,6.311734809152915,7.937374696163295
P4875,1.0,550.0,3600,200.0,0.7,0.006514466331278524,6.311734809152915,7.937374696163295
P4876,1.0,550.0,3600,200.0,0.7,0.006514466331278524,6.311734809152915,7.937374696163295
P4877,1.0,550.0,3600,200.0,0.7,0.006514466331278524,6.311734809152915,7.937374696163295
P4878,1.0,550.0,3600,200.0,1.2,0.006514466331278524,6.311734809152915,7.937374696163295
P4879,1.0,550.0,3600,200.0,1.2,0.006514466331278524,6.311734809152915,7.937374696163295
P4880,1.0,550.0,3600,200.0,1.2,0.006514466331278524,6.311734809152915,7.937374696163295
P4980,1.0,850.0,3500,200.0,0.2,0.008329931275970448,6.7464121285733745,8.160518247477505
P4981,1.0,850.0,3500,200.0,0.2,0.008329931275970448,6.7464121285733745,8.160518247477505
P4982,1.0,850.0,3500,200.0,0.2,0.008329931275970448,6.7464121285733745,8.160518247477505
P4983,1.0,850.0,3500,200.0,0.7,0.008329931275970448,6.7464121285733745,8.160518247477505
P4984,1.0,850.0,3500,200.0,0.7,0.008329931275970448,6.7464121285733745,8.160518247477505
P4985,1.0,850.0,3500,200.0,0.7,0.008329931275970448,6.7464121285733745,8.160518247477505
P4986,1.0,850.0,3500,200.0,1.2,0.008329931275970448,6.7464121285733745,8.160518247477505
P4987,1.0,850.0,3500,200.0,1.2,0.008329931275970448,6.7464121285733745,8.160518247477505
P4988,1.0,850.0,3500,200.0,1.2,0.008329931275970448,6.7464121285733745,8.160518247477505
P5016,1.0,850.0,3600,200.0,0.2,0.008098544296146655,6.7464121285733745,8.160518247477505
P5017,1.0,850.0,3600,200.0,0.2,0.008098544296146655,6.7464121285733745,8.160518247477505
P5018,1.0,850.0,3600,200.0,0.2,0.008098544296146655,6.7464121285733745,8.160518247477505
P5019,1.0,850.0,3600,200.0,0.7,0.008098544296146655,6.7464121285733745,8.160518247477505
P5020,1.0,850.0,3600,200.0,0.7,0.008098544296146655,6.7464121285733745,8.160518247477505
P5021,1.0,850.0,3600,200.0,0.7,0.008098544296146655,6.7464121285733745,8.160518247477505
P5022,1.0,850.0,3600,200.0,1.2,0.008098544296146655,6.7464121285733745,8.160518247477505
P5023,1.0,850.0,3600,200.0,1.2,0.008098544296146655,6.7464121285733745,8.160518247477505
P5024,1.0,850.0,3600,200.0,1.2,0.008098544296146655,6.7464121285733745,8.160518247477505
P5124,1.0,1150.0,3500,200.0,0.2,0.009689042830267799,7.048386408721883,8.34283980427146
P5125,1.0,1150.0,3500,200.0,0.2,0.009689042830267799,7.048386408721883,8.34283980427146
P5126,1.0,1150.0,3500,200.0,0.2,0.009689042830267799,7.048386408721883,8.34283980427146
P5127,1.0,1150.0,3500,200.0,0.7,0.009689042830267799,7.048386408721883,8.34283980427146
P5128,1.0,1150.0,3500,200.0,0.7,0.009689042830267799,7.048386408721883,8.34283980427146
P5129,1.0,1150.0,3500,200.0,0.7,0.009689042830267799,7.048386408721883,8.34283980427146
P5130,1.0,1150.0,3500,200.0,1.2,0.009689042830267799,7.048386408721883,8.34283980427146
P5131,1.0,1150.0,3500,200.0,1.2,0.009689042830267799,7.048386408721883,8.34283980427146
P5132,1.0,1150.0,3500,200.0,1.2,0.009689042830267799,7.048386408721883,8.34283980427146
P5160,1.0,1150.0,3600,200.0,0.2,0.00941990275172401,7.048386408721883,8.34283980427146
P5161,1.0,1150.0,3600,200.0,0.2,0.00941990275172401,7.048386408721883,8.34283980427146
P5162,1.0,1150.0,3600,200.0,0.2,0.00941990275172401,7.048386408721883,8.34283980427146
P5163,1.0,1150.0,3600,200.0,0.7,0.00941990275172401,7.048386408721883,8.34283980427146
P5164,1.0,1150.0,3600,200.0,0.7,0.00941990275172401,7.048386408721883,8.34283980427146
P5165,1.0,1150.0,3600,200.0,0.7,0.00941990275172401,7.048386408721883,8.34283980427146
P5166,1.0,1150.0,3600,200.0,1.2,0.00941990275172401,7.048386408721883,8.34283980427146
P5167,1.0,1150.0,3600,200.0,1.2,0.00941990275172401,7.048386408721883,8.34283980427146
P5168,1.0,1150.0,3600,200.0,1.2,0.00941990275172401,7.048386408721883,8.34283980427146
P5268,7.0,250.0,3500,200.0,0.2,0.004517539513235531,7.467942332285852,5.940171252720432
P5269,7.0,250.0,3500,200.0,0.2,0.004517539513235531,7.467942332285852,5.940171252720432
P5270,7.0,250.0,3500,200.0,0.2,0.004517539513235531,7.467942332285852,5.940171252720432
P5271,7.0,250.0,3500,200.0,0.7,0.004517539513235531,7.467942332285852,5.966146739123692
P5272,7.0,250.0,3500,200.0,0.7,0.004517539513235531,7.467942332285852,5.966146739123692
P5273,7.0,250.0,3500,200.0,0.7,0.004517539513235531,7.467942332285852,5.966146739123692
P5274,7.0,250.0,3500,200.0,1.2,0.004517539513235531,7.467942332285852,5.991464547107982
P5275,7.0,250.0,3500,200.0,1.2,0.004517539513235531,7.467942332285852,5.991464547107982
P5276,7.0,250.0,3500,200.0,1.2,0.004517539513235531,7.467942332285852,5.991464547107982
P5304,7.0,250.0,3600,200.0,0.2,0.004392052304569401,7.467942332285852,5.940171252720432
P5305,7.0,250.0,3600,200.0,0.2,0.004392052304569401,7.467942332285852,5.940171252720432
P5306,7.0,250.0,3600,200.0,0.2,0.004392052304569401,7.467942332285852,5.940171252720432
P5307,7.0,250.0,3600,200.0,0.7,0.004392052304569401,7.467942332285852,5.966146739123692
P5308,7.0,250.0,3600,200.0,0.7,0.004392052304569401,7.467942332285852,5.966146739123692
P5309,7.0,250.0,3600,200.0,0.7,0.004392052304569401,7.467942332285852,5.966146739123692
P5310,7.0,250.0,3600,200.0,1.2,0.004392052304569401,7.467942332285852,5.991464547107982
P5311,7.0,250.0,3600,200.0,1.2,0.004392052304569401,7.467942332285852,5.991464547107982
P5312,7.0,250.0,3600,200.0,1.2,0.004392052304569401,7.467942332285852,5.991464547107982
P5412,7.0,550.0,3500,200.0,0.2,0.006700593940690444,8.25608813381491,7.937374696163295
P5413,7.0,550.0,3500,200.0,0.2,0.006700593940690444,8.25608813381491,7.937374696163295
P5414,7.0,550.0,3500,200.0,0.2,0.006700593940690444,8.25608813381491,7.937374696163295
P5415,7.0,550.0,3500,200.0,0.7,0.006700593940690444,8.25608813381491,7.937374696163295
P5416,7.0,550.0,3500,200.0,0.7,0.006700593940690444,8.25608813381491,7.937374696163295
P5417,7.0,550.0,3500,200.0,0.7,0.006700593940690444,8.25608813381491,7.937374696163295
P5418,7.0,550.0,3500,200.0,1.2,0.006700593940690444,8.25608813381491,7.937374696163295
P5419,7.0,550.0,3500,200.0,1.2,0.006700593940690444,8.25608813381491,7.937374696163295
P5420,7.0,550.0,3500,200.0,1.2,0.006700593940690444,8.25608813381491,7.937374696163295
P5448,7.0,550.0,3600,200.0,0.2,0.006514466331278524,8.25608813381491,7.937374696163295
P5449,7.0,550.0,3600,200.0,0.2,0.006514466331278524,8.25608813381491,7.937374696163295
P5450,7.0,550.0,3600,200.0,0.2,0.006514466331278524,8.25608813381491,7.937374696163295
P5451,7.0,550.0,3600,200.0,0.7,0.006514466331278524,8.25608813381491,7.937374696163295
P5452,7.0,550.0,3600,200.0,0.7,0.006514466331278524,8.25608813381491,7.937374696163295
P5453,7.0,550.0,3600,200.0,0.7,0.006514466331278524,8.25608813381491,7.937374696163295
P5454,7.0,550.0,3600,200.0,1.2,0.006514466331278524,8.25608813381491,7.937374696163295
P5455,7.0,550.0,3600,200.0,1.2,0.006514466331278524,8.25608813381491,7.937374696163295
P5456,7.0,550.0,3600,200.0,1.2,0.006514466331278524,8.25608813381491,7.937374696163295
P5556,7.0,850.0,3500,200.0,0.2,0.008329931275970448,8.691314551644853,8.160518247477505
P5557,7.0,850.0,3500,200.0,0.2,0.008329931275970448,8.691314551644853,8.160518247477505
P5558,7.0,850.0,3500,200.0,0.2,0.008329931275970448,8.691314551644853,8.160518247477505
P5559,7.0,850.0,3500,200.0,0.7,0.008329931275970448,8.691314551644853,8.160518247477505
P5560,7.0,850.0,3500,200.0,0.7,0.008329931275970448,8.691314551644853,8.160518247477505
P5561,7.0,850.0,3500,200.0,0.7,0.008329931275970448,8.691314551644853,8.160518247477505
P5562,7.0,850.0,3500,200.0,1.2,0.008329931275970448,8.691314551644853,8.160518247477505
P5563,7.0,850.0,3500,200.0,1.2,0.008329931275970448,8.691314551644853,8.160518247477505
P5564,7.0,850.0,3500,200.0,1.2,0.008329931275970448,8.691314551644853,8.160518247477505
P5592,7.0,850.0,3600,200.0,0.2,0.008098544296146655,8.691314551644853,8.160518247477505
P5593,7.0,850.0,3600,200.0,0.2,0.008098544296146655,8.691314551644853,8.160518247477505
P5594,7.0,850.0,3600,200.0,0.2,0.008098544296146655,8.691314551644853,8.160518247477505
P5595,7.0,850.0,3600,200.0,0.7,0.008098544296146655,8.691314551644853,8.160518247477505
P5596,7.0,850.0,3600,200.0,0.7,0.008098544296146655,8.691314551644853,8.160518247477505
P5597,7.0,850.0,3600,200.0,0.7,0.008098544296146655,8.691314551644853,8.160518247477505
P5598,7.0,850.0,3600,200.0,1.2,0.008098544296146655,8.691314551644853,8.160518247477505
P5599,7.0,850.0,3600,200.0,1.2,0.008098544296146655,8.691314551644853,8.160518247477505
P5600,7.0,850.0,3600,200.0,1.2,0.008098544296146655,8.691314551644853,8.160518247477505
P5700,7.0,1150.0,3500,200.0,0.2,0.009689042830267799,8.993551586299981,8.34283980427146
P5701,7.0,1150.0,3500,200.0,0.2,0.009689042830267799,8.993551586299981,8.34283980427146
P5702,7.0,1150.0,3500,200.0,0.2,0.009689042830267799,8.993551586299981,8.34283980427146
P5703,7.0,1150.0,3500,200.0,0.7,0.009689042830267799,8.993551586299981,8.34283980427146
P5704,7.0,1150.0,3500,200.0,0.7,0.009689042830267799,8.993551586299981,8.34283980427146
P5705,7.0,1150.0,3500,200.0,0.7,0.009689042830267799,8.993551586299981,8.34283980427146
P5706,7.0,1150.0,3500,200.0,1.2,0.009689042830267799,8.993551586299981,8.34283980427146
P5707,7.0,1150.0,3500,200.0,1.2,0.009689042830267799,8.993551586299981,8.34283980427146
P5708,7.0,1150.0,3500,200.0,1.2,0.009689042830267799,8.993551586299981,8.34283980427146
P5736,7.0,1150.0,3600,200.0,0.2,0.00941990275172401,8.993551586299981,8.34283980427146
P5737,7.0,1150.0,3600,200.0,0.2,0.00941990275172401,8.993551586299981,8.34283980427146
P5738,7.0,1150.0,3600,200.0,0.2,0.00941990275172401,8.993551586299981,8.34283980427146
P5739,7.0,1150.0,3600,200.0,0.7,0.00941990275172401,8.993551586299981,8.34283980427146
P5740,7.0,1150.0,3600,200.0,0.7,0.00941990275172401,8.993551586299981,8.34283980427146
P5741,7.0,1150.0,3600,200.0,0.7,0.00941990275172401,8.993551586299981,8.34283980427146
P5742,7.0,1150.0,3600,200.0,1.2,0.00941990275172401,8.993551586299981,8.34283980427146
P5743,7.0,1150.0,3600,200.0,1.2,0.00941990275172401,8.993551586299981,8.34283980427146
P5744,7.0,1150.0,3600,200.0,1.2,0.00941990275172401,8.993551586299981,8.34283980427146
P5844,13.0,250.0,3500,200.0,0.2,0.004517539513235531,8.086717920303906,5.966146739123692
P5845,13.0,250.0,3500,200.0,0.2,0.004517539513235531,8.086717920303906,5.966146739123692
P5846,13.0,250.0,3500,200.0,0.2,0.004517539513235531,8.086717920303906,5.966146739123692
P5847,13.0,250.0,3500,200.0,0.7,0.004517539513235531,8.086717920303906,5.991464547107982
P5848,13.0,250.0,3500,200.0,0.7,0.004517539513235531,8.086717920303906,5.991464547107982
P5849,13.0,250.0,3500,200.0,0.7,0.004517539513235531,8.086717920303906,5.991464547107982
P5850,13.0,250.0,3500,200.0,1.2,0.004517539513235531,8.086717920303906,6.016157159698354
P5851,13.0,250.0,3500,200.0,1.2,0.004517539513235531,8.086717920303906,6.016157159698354
P5852,13.0,250.0,3500,200.0,1.2,0.004517539513235531,8.086717920303906,6.016157159698354
P5880,13.0,250.0,3600,200.0,0.2,0.004392052304569401,8.086717920303906,5.966146739123692
P5881,13.0,250.0,3600,200.0,0.2,0.004392052304569401,8.086717920303906,5.966146739123692
P5882,13.0,250.0,3600,200.0,0.2,0.004392052304569401,8.086717920303906,5.966146739123692
P5883,13.0,250.0,3600,200.0,0.7,0.004392052304569401,8.086717920303906,5.991464547107982
P5884,13.0,250.0,3600,200.0,0.7,0.004392052304569401,8.086717920303906,5.991464547107982
P5885,13.0,250.0,3600,200.0,0.7,0.004392052304569401,8.086717920303906,5.991464547107982
P5886,13.0,250.0,3600,200.0,1.2,0.004392052304569401,8.086717920303906,6.016157159698354
P5887,13.0,250.0,3600,200.0,1.2,0.004392052304569401,8.086717920303906,6.016157159698354
P5888,13.0,250.0,3600,200.0,1.2,0.004392052304569401,8.086717920303906,6.016157159698354
P5988,13.0,550.0,3500,200.0,0.2,0.006700593940690444,8.875007486048396,7.9724660159745655
P5989,13.0,550.0,3500,200.0,0.2,0.006700593940690444,8.875007486048396,7.9724660159745655
P5990,13.0,550.0,3500,200.0,0.2,0.006700593940690444,8.875007486048396,7.9724660159745655
P5991,13.0,550.0,3500,200.0,0.7,0.006700593940690444,8.875007486048396,7.9724660159745655
P5992,13.0,550.0,3500,200.0,0.7,0.006700593940690444,8.875007486048396,7.9724660159745655
P5993,13.0,550.0,3500,200.0,0.7,0.006700593940690444,8.875007486048396,7.9724660159745655
P5994,13.0,550.0,3500,200.0,1.2,0.006700593940690444,8.875007486048396,7.9724660159745655
P5995,13.0,550.0,3500,200.0,1.2,0.006700593940690444,8.875007486048396,7.9724660159745655
P5996,13.0,550.0,3500,200.0,1.2,0.006700593940690444,8.875007486048396,7.9724660159745655
P6024,13.0,550.0,3600,200.0,0.2,0.006514466331278524,8.875007486048396,7.9724660159745655
P6025,13.0,550.0,3600,200.0,0.2,0.006514466331278524,8.875007486048396,7.9724660159745655
P6026,13.0,550.0,3600,200.0,0.2,0.006514466331278524,8.875007486048396,7.9724660159745655
P6027,13.0,550.0,3600,200.0,0.7,0.006514466331278524,8.875007486048396,7.9724660159745655
P6028,13.0,550.0,3600,200.0,0.7,0.006514466331278524,8.875007486048396,7.9724660159745655
P6029,13.0,550.0,3600,200.0,0.7,0.006514466331278524,8.875007486048396,7.9724660159745655
P6030,13.0,550.0,3600,200.0,1.2,0.006514466331278524,8.875007486048396,7.9724660159745655
P6031,13.0,550.0,3600,200.0,1.2,0.006514466331278524,8.875007486048396,7.9724660159745655
P6032,13.0,550.0,3600,200.0,1.2,0.006514466331278524,8.875007486048396,7.9724660159745655
P6132,13.0,850.0,3500,200.0,0.2,0.008329931275970448,9.310276200588783,8.1886891244442
P6133,13.0,850.0,3500,200.0,0.2,0.008329931275970448,9.310276200588783,8.1886891244442
P6134,13.0,850.0,3500,200.0,0.2,0.008329931275970448,9.310276200588783,8.1886891244442
P6135,13.0,850.0,3500,200.0,0.7,0.008329931275970448,9.310276200588783,8.1886891244442
P6136,13.0,850.0,3500,200.0,0.7,0.008329931275970448,9.310276200588783,8.1886891244442
P6137,13.0,850.0,3500,200.0,0.7,0.008329931275970448,9.310276200588783,8.1886891244442
P6138,13.0,850.0,3500,200.0,1.2,0.008329931275970448,9.310276200588783,8.1886891244442
P6139,13.0,850.0,3500,200.0,1.2,0.008329931275970448,9.310276200588783,8.1886891244442
P6140,13.0,850.0,3500,200.0,1.2,0.008329931275970448,9.310276200588783,8.1886891244442
P6168,13.0,850.0,3600,200.0,0.2,0.008098544296146655,9.310276200588783,8.1886891244442
P6169,13.0,850.0,3600,200.0,0.2,0.008098544296146655,9.310276200588783,8.1886891244442
P6170,13.0,850.0,3600,200.0,0.2,0.008098544296146655,9.310276200588783,8.1886891244442
P6171,13.0,850.0,3600,200.0,0.7,0.008098544296146655,9.310276200588783,8.1886891244442
P6172,13.0,850.0,3600,200.0,0.7,0.008098544296146655,9.310276200588783,8.1886891244442
P6173,13.0,850.0,3600,200.0,0.7,0.008098544296146655,9.310276200588783,8.1886891244442
P6174,13.0,850.0,3600,200.0,1.2,0.008098544296146655,9.310276200588783,8.1886891244442
P6175,13.0,850.0,3600,200.0,1.2,0.008098544296146655,9.310276200588783,8.1886891244442
P6176,13.0,850.0,3600,200.0,1.2,0.008098544296146655,9.310276200588783,8.1886891244442
P6276,13.0,1150.0,3500,200.0,0.2,0.009689042830267799,9.612533466213927,8.366370301681654
P6277,13.0,1150.0,3500,200.0,0.2,0.009689042830267799,9.612533466213927,8.366370301681654
P6278,13.0,1150.0,3500,200.0,0.2,0.009689042830267799,9.612533466213927,8.366370301681654
P6279,13.0,1150.0,3500,200.0,0.7,0.009689042830267799,9.612533466213927,8.366370301681654
P6280,13.0,1150.0,3500,200.0,0.7,0.009689042830267799,9.612533466213927,8.366370301681654
P6281,13.0,1150.0,3500,200.0,0.7,0.009689042830267799,9.612533466213927,8.366370301681654
P6282,13.0,1150.0,3500,200.0,1.2,0.009689042830267799,9.612533466213927,8.366370301681654
P6283,13.0,1150.0,3500,200.0,1.2,0.009689042830267799,9.612533466213927,8.366370301681654
P6284,13.0,1150.0,3500,200.0,1.2,0.009689042830267799,9.612533466213927,8.366370301681654
P6312,13.0,1150.0,3600,200.0,0.2,0.00941990275172401,9.612533466213927,8.366370301681654
P6313,13.0,1150.0,3600,200.0,0.2,0.00941990275172401,9.612533466213927,8.366370301681654
P6314,13.0,1150.0,3600,200.0,0.2,0.00941990275172401,9.612533466213927,8.366370301681654
P6315,13.0,1150.0,3600,200.0,0.7,0.00941990275172401,9.612533466213927,8.366370301681654
P6316,13.0,1150.0,3600,200.0,0.7,0.00941990275172401,9.612533466213927,8.366370301681654
P6317,13.0,1150.0,3600,200.0,0.7,0.00941990275172401,9.612533466213927,8.366370301681654
P6318,13.0,1150.0,3600,200.0,1.2,0.00941990275172401,9.612533466213927,8.366370301681654
P6319,13.0,1150.0,3600,200.0,1.2,0.00941990275172401,9.612533466213927,8.366370301681654
P6320,13.0,1150.0,3600,200.0,1.2,0.00941990275172401,9.612533466213927,8.366370301681654
P6420,19.0,250.0,3500,200.0,0.2,0.004517539513235531,8.46611040118692,5.991464547107982
P6421,19.0,250.0,3500,200.0,0.2,0.004517539513235531,8.46611040118692,5.991464547107982
P6422,19.0,250.0,3500,200.0,0.2,0.004517539513235531,8.46611040118692,5.991464547107982
P6423,19.0,250.0,3500,200.0,0.7,0.004517539513235531,8.46611040118692,6.016157159698354
P6424,19.0,250.0,3500,200.0,0.7,0.004517539513235531,8.46611040118692,6.016157159698354
P6425,19.0,250.0,3500,200.0,0.7,0.004517539513235531,8.46611040118692,6.016157159698354
P6426,19.0,250.0,3500,200.0,1.2,0.004517539513235531,8.46611040118692,6.040254711277414
P6427,19.0,250.0,3500,200.0,1.2,0.004517539513235531,8.46611040118692,6.040254711277414
P6428,19.0,250.0,3500,200.0,1.2,0.004517539513235531,8.46611040118692,6.040254711277414
P6456,19.0,250.0,3600,200.0,0.2,0.004392052304569401,8.46611040118692,5.991464547107982
P6457,19.0,250.0,3600,200.0,0.2,0.004392052304569401,8.46611040118692,5.991464547107982
P6458,19.0,250.0,3600,200.0,0.2,0.004392052304569401,8.46611040118692,5.991464547107982
P6459,19.0,250.0,3600,200.0,0.7,0.004392052304569401,8.46611040118692,6.016157159698354
P6460,19.0,250.0,3600,200.0,0.7,0.004392052304569401,8.46611040118692,6.016157159698354
P6461,19.0,250.0,3600,200.0,0.7,0.004392052304569401,8.46611040118692,6.016157159698354
P6462,19.0,250.0,3600,200.0,1.2,0.004392052304569401,8.46611040118692,6.040254711277414
P6463,19.0,250.0,3600,200.0,1.2,0.004392052304569401,8.46611040118692,6.040254711277414
P6464,19.0,250.0,3600,200.0,1.2,0.004392052304569401,8.46611040118692,6.040254711277414
P6564,19.0,550.0,3500,200.0,0.2,0.006700593940690444,9.254452946594503,7.9724660159745655
P6565,19.0,550.0,3500,200.0,0.2,0.006700593940690444,9.254452946594503,7.9724660159745655
P6566,19.0,550.0,3500,200.0,0.2,0.006700593940690444,9.254452946594503,7.9724660159745655
P6567,19.0,550.0,3500,200.0,0.7,0.006700593940690444,9.254452946594503,8.006367567650246
P6568,19.0,550.0,3500,200.0,0.7,0.006700593940690444,9.254452946594503,8.006367567650246
P6569,19.0,550.0,3500,200.0,0.7,0.006700593940690444,9.254452946594503,8.006367567650246
P6570,19.0,550.0,3500,200.0,1.2,0.006700593940690444,9.254452946594503,8.006367567650246
P6571,19.0,550.0,3500,200.0,1.2,0.006700593940690444,9.254452946594503,8.006367567650246
P6572,19.0,550.0,3500,200.0,1.2,0.006700593940690444,9.254452946594503,8.006367567650246
P6600,19.0,550.0,3600,200.0,0.2,0.006514466331278524,9.254452946594503,7.9724660159745655
P6601,19.0,550.0,3600,200.0,0.2,0.006514466331278524,9.254452946594503,7.9724660159745655
P6602,19.0,550.0,3600,200.0,0.2,0.006514466331278524,9.254452946594503,7.9724660159745655
P6603,19.0,550.0,3600,200.0,0.7,0.006514466331278524,9.254452946594503,8.006367567650246
P6604,19.0,550.0,3600,200.0,0.7,0.006514466331278524,9.254452946594503,8.006367567650246
P6605,19.0,550.0,3600,200.0,0.7,0.006514466331278524,9.254452946594503,8.006367567650246
P6606,19.0,550.0,3600,200.0,1.2,0.006514466331278524,9.254452946594503,8.006367567650246
P6607,19.0,550.0,3600,200.0,1.2,0.006514466331278524,9.254452946594503,8.006367567650246
P6608,19.0,550.0,3600,200.0,1.2,0.006514466331278524,9.254452946594503,8.006367567650246
P6708,19.0,850.0,3500,200.0,0.2,0.008329931275970448,9.689737246238513,8.1886891244442
P6709,19.0,850.0,3500,200.0,0.2,0.008329931275970448,9.689737246238513,8.1886891244442
P6710,19.0,850.0,3500,200.0,0.2,0.008329931275970448,9.689737246238513,8.1886891244442
P6711,19.0,850.0,3500,200.0,0.7,0.008329931275970448,9.689737246238513,8.216088098632316
P6712,19.0,850.0,3500,200.0,0.7,0.008329931275970448,9.689737246238513,8.216088098632316
P6713,19.0,850.0,3500,200.0,0.7,0.008329931275970448,9.689737246238513,8.216088098632316
P6714,19.0,850.0,3500,200.0,1.2,0.008329931275970448,9.689737246238513,8.216088098632316
P6715,19.0,850.0,3500,200.0,1.2,0.008329931275970448,9.689737246238513,8.216088098632316
P6716,19.0,850.0,3500,200.0,1.2,0.008329931275970448,9.689737246238513,8.216088098632316
P6744,19.0,850.0,3600,200.0,0.2,0.008098544296146655,9.689737246238513,8.1886891244442
P6745,19.0,850.0,3600,200.0,0.2,0.008098544296146655,9.689737246238513,8.1886891244442
P6746,19.0,850.0,3600,200.0,0.2,0.008098544296146655,9.689737246238513,8.1886891244442
P6747,19.0,850.0,3600,200.0,0.7,0.008098544296146655,9.689737246238513,8.216088098632316
P6748,19.0,850.0,3600,200.0,0.7,0.008098544296146655,9.689737246238513,8.216088098632316
P6749,19.0,850.0,3600,200.0,0.7,0.008098544296146655,9.689737246238513,8.216088098632316
P6750,19.0,850.0,3600,200.0,1.2,0.008098544296146655,9.689737246238513,8.216088098632316
P6751,19.0,850.0,3600,200.0,1.2,0.008098544296146655,9.689737246238513,8.216088098632316
P6752,19.0,850.0,3600,200.0,1.2,0.008098544296146655,9.689737246238513,8.216088098632316
P6852,19.0,1150.0,3500,200.0,0.2,0.009689042830267799,9.992001966066868,8.366370301681654
P6853,19.0,1150.0,3500,200.0,0.2,0.009689042830267799,9.992001966066868,8.366370301681654
P6854,19.0,1150.0,3500,200.0,0.2,0.009689042830267799,9.992001966066868,8.366370301681654
P6855,19.0,1150.0,3500,200.0,0.7,0.009689042830267799,9.992001966066868,8.389359819906353
P6856,19.0,1150.0,3500,200.0,0.7,0.009689042830267799,9.992001966066868,8.389359819906353
P6857,19.0,1150.0,3500,200.0,0.7,0.009689042830267799,9.992001966066868,8.389359819906353
P6858,19.0,1150.0,3500,200.0,1.2,0.009689042830267799,9.992001966066868,8.389359819906353
P6859,19.0,1150.0,3500,200.0,1.2,0.009689042830267799,9.992001966066868,8.389359819906353
P6860,19.0,1150.0,3500,200.0,1.2,0.009689042830267799,9.992001966066868,8.389359819906353
P6888,19.0,1150.0,3600,200.0,0.2,0.00941990275172401,9.992001966066868,8.366370301681654
P6889,19.0,1150.0,3600,200.0,0.2,0.00941990275172401,9.992001966066868,8.366370301681654
P6890,19.0,1150.0,3600,200.0,0.2,0.00941990275172401,9.992001966066868,8.366370301681654
P6891,19.0,1150.0,3600,200.0,0.7,0.00941990275172401,9.992001966066868,8.389359819906353
P6892,19.0,1150.0,3600,200.0,0.7,0.00941990275172401,9.992001966066868,8.389359819906353
P6893,19.0,1150.0,3600,200.0,0.7,0.00941990275172401,9.992001966066868,8.389359819906353
P6894,19.0,1150.0,3600,200.0,1.2,0.00941990275172401,9.992001966066868,8.389359819906353
P6895,19.0,1150.0,3600,200.0,1.2,0.00941990275172401,9.992001966066868,8.389359819906353
P6896,19.0,1150.0,3600,200.0,1.2,0.00941990275172401,9.992001966066868,8.389359819906353
P6996,25.0,250.0,3500,200.0,0.2,0.004517539513235531,8.740496729931813,6.016157159698354
P6997,25.0,250.0,3500,200.0,0.2,0.004517539513235531,8.740496729931813,6.016157159698354
P6998,25.0,250.0,3500,200.0,0.2,0.004517539513235531,8.740496729931813,6.016157159698354
P6999,25.0,250.0,3500,200.0,0.7,0.004517539513235531,8.740496729931813,6.040254711277414
P7000,25.0,250.0,3500,200.0,0.7,0.004517539513235531,8.740496729931813,6.040254711277414
P7001,25.0,250.0,3500,200.0,0.7,0.004517539513235531,8.740496729931813,6.040254711277414
P7002,25.0,250.0,3500,200.0,1.2,0.004517539513235531,8.740496729931813,6.063785208687608
P7003,25.0,250.0,3500,200.0,1.2,0.004517539513235531,8.740496729931813,6.063785208687608
P7004,25.0,250.0,3500,200.0,1.2,0.004517539513235531,8.740496729931813,6.063785208687608
P7032,25.0,250.0,3600,200.0,0.2,0.004392052304569401,8.740496729931813,6.016157159698354
P7033,25.0,250.0,3600,200.0,0.2,0.004392052304569401,8.740496729931813,6.016157159698354
P7034,25.0,250.0,3600,200.0,0.2,0.004392052304569401,8.740496729931813,6.016157159698354
P7035,25.0,250.0,3600,200.0,0.7,0.004392052304569401,8.740496729931813,6.040254711277414
P7036,25.0,250.0,3600,200.0,0.7,0.004392052304569401,8.740496729931813,6.040254711277414
P7037,25.0,250.0,3600,200.0,0.7,0.004392052304569401,8.740496729931813,6.040254711277414
P7038,25.0,250.0,3600,200.0,1.2,0.004392052304569401,8.740496729931813,6.063785208687608
P7039,25.0,250.0,3600,200.0,1.2,0.004392052304569401,8.740496729931813,6.063785208687608
P7040,25.0,250.0,3600,200.0,1.2,0.004392052304569401,8.740496729931813,6.063785208687608
P7140,25.0,550.0,3500,200.0,0.2,0.006700593940690444,9.528866827722945,8.006367567650246
P7141,25.0,550.0,3500,200.0,0.2,0.006700593940690444,9.528866827722945,8.006367567650246
P7142,25.0,550.0,3500,200.0,0.2,0.006700593940690444,9.528866827722945,8.006367567650246
P7143,25.0,550.0,3500,200.0,0.7,0.006700593940690444,9.528866827722945,8.039157390473237
P7144,25.0,550.0,3500,200.0,0.7,0.006700593940690444,9.528866827722945,8.039157390473237
P7145,25.0,550.0,3500,200.0,0.7,0.006700593940690444,9.528866827722945,8.039157390473237
P7146,25.0,550.0,3500,200.0,1.2,0.006700593940690444,9.528866827722945,8.039157390473237
P7147,25.0,550.0,3500,200.0,1.2,0.006700593940690444,9.528866827722945,8.039157390473237
P7148,25.0,550.0,3500,200.0,1.2,0.006700593940690444,9.528866827722945,8.039157390473237
P7176,25.0,550.0,3600,200.0,0.2,0.006514466331278524,9.528866827722945,8.006367567650246
P7177,25.0,550.0,3600,200.0,0.2,0.006514466331278524,9.528866827722945,8.006367567650246
P7178,25.0,550.0,3600,200.0,0.2,0.006514466331278524,9.528866827722945,8.006367567650246
P7179,25.0,550.0,3600,200.0,0.7,0.006514466331278524,9.528866827722945,8.039157390473237
P7180,25.0,550.0,3600,200.0,0.7,0.006514466331278524,9.528866827722945,8.039157390473237
P7181,25.0,550.0,3600,200.0,0.7,0.006514466331278524,9.528866827722945,8.039157390473237
P7182,25.0,550.0,3600,200.0,1.2,0.006514466331278524,9.528866827722945,8.039157390473237
P7183,25.0,550.0,3600,200.0,1.2,0.006514466331278524,9.528866827722945,8.039157390473237
P7184,25.0,550.0,3600,200.0,1.2,0.006514466331278524,9.528866827722945,8.039157390473237
P7284,25.0,850.0,3500,200.0,0.2,0.008329931275970448,9.96415923206886,8.242756345714477
P7285,25.0,850.0,3500,200.0,0.2,0.008329931275970448,9.96415923206886,8.242756345714477
P7286,25.0,850.0,3500,200.0,0.2,0.008329931275970448,9.96415923206886,8.242756345714477
P7287,25.0,850.0,3500,200.0,0.7,0.008329931275970448,9.96415923206886,8.242756345714477
P7288,25.0,850.0,3500,200.0,0.7,0.008329931275970448,9.96415923206886,8.242756345714477
P7289,25.0,850.0,3500,200.0,0.7,0.008329931275970448,9.96415923206886,8.242756345714477
P7290,25.0,850.0,3500,200.0,1.2,0.008329931275970448,9.96415923206886,8.242756345714477
P7291,25.0,850.0,3500,200.0,1.2,0.008329931275970448,9.96415923206886,8.242756345714477
P7292,25.0,850.0,3500,200.0,1.2,0.008329931275970448,9.96415923206886,8.242756345714477
P7320,25.0,850.0,3600,200.0,0.2,0.008098544296146655,9.96415923206886,8.242756345714477
P7321,25.0,850.0,3600,200.0,0.2,0.008098544296146655,9.96415923206886,8.242756345714477
P7322,25.0,850.0,3600,200.0,0.2,0.008098544296146655,9.96415923206886,8.242756345714477
P7323,25.0,850.0,3600,200.0,0.7,0.008098544296146655,9.96415923206886,8.242756345714477
P7324,25.0,850.0,3600,200.0,0.7,0.008098544296146655,9.96415923206886,8.242756345714477
P7325,25.0,850.0,3600,200.0,0.7,0.008098544296146655,9.96415923206886,8.242756345714477
P7326,25.0,850.0,3600,200.0,1.2,0.008098544296146655,9.96415923206886,8.242756345714477
P7327,25.0,850.0,3600,200.0,1.2,0.008098544296146655,9.96415923206886,8.242756345714477
P7328,25.0,850.0,3600,200.0,1.2,0.008098544296146655,9.96415923206886,8.242756345714477
P7428,25.0,1150.0,3500,200.0,0.2,0.009689042830267799,10.266427828229292,8.411832675758411
P7429,25.0,1150.0,3500,200.0,0.2,0.009689042830267799,10.266427828229292,8.411832675758411
P7430,25.0,1150.0,3500,200.0,0.2,0.009689042830267799,10.266427828229292,8.411832675758411
P7431,25.0,1150.0,3500,200.0,0.7,0.009689042830267799,10.266427828229292,8.411832675758411
P7432,25.0,1150.0,3500,200.0,0.7,0.009689042830267799,10.266427828229292,8.411832675758411
P7433,25.0,1150.0,3500,200.0,0.7,0.009689042830267799,10.266427828229292,8.411832675758411
P7434,25.0,1150.0,3500,200.0,1.2,0.009689042830267799,10.266427828229292,8.411832675758411
P7435,25.0,1150.0,3500,200.0,1.2,0.009689042830267799,10.266427828229292,8.411832675758411
P7436,25.0,1150.0,3500,200.0,1.2,0.009689042830267799,10.266427828229292,8.411832675758411
P7464,25.0,1150.0,3600,200.0,0.2,0.00941990275172401,10.266427828229292,8.411832675758411
P7465,25.0,1150.0,3600,200.0,0.2,0.00941990275172401,10.266427828229292,8.411832675758411
P7466,25.0,1150.0,3600,200.0,0.2,0.00941990275172401,10.266427828229292,8.411832675758411
P7467,25.0,1150.0,3600,200.0,0.7,0.00941990275172401,10.266427828229292,8.411832675758411
P7468,25.0,1150.0,3600,200.0,0.7,0.00941990275172401,10.266427828229292,8.411832675758411
P7469,25.0,1150.0,3600,200.0,0.7,0.00941990275172401,10.266427828229292,8.411832675758411
P7470,25.0,1150.0,3600,200.0,1.2,0.00941990275172401,10.266427828229292,8.411832675758411
P7471,25.0,1150.0,3600,200.0,1.2,0.00941990275172401,10.266427828229292,8.411832675758411
P7472,25.0,1150.0,3600,200.0,1.2,0.00941990275172401,10.266427828229292,8.411832675758411
P7500,80.0,10.0,1800,100.0,0.95,0.0017568209213397546,6.68586094706836,6.016157159698354
P7501,80.0,10.0,1800,100.0,0.95,0.0017568209213397546,6.68586094706836,6.016157159698354
P7502,80.0,10.0,1800,100.0,0.95,0.0017568209213397546,6.68586094706836,6.016157159698354
P7503,80.0,10.0,1800,100.0,1.125,0.0017568209213397546,6.68586094706836,6.016157159698354
P7504,80.0,10.0,1800,100.0,1.125,0.0017568209213397546,6.68586094706836,6.016157159698354
P7505,80.0,10.0,1800,100.0,1.125,0.0017568209213397546,6.68586094706836,6.016157159698354
P7506,80.0,10.0,1800,100.0,1.3,0.0017568209213397546,6.68586094706836,6.016157159698354
P7507,80.0,10.0,1800,100.0,1.3,0.0017568209213397546,6.68586094706836,6.016157159698354
P7508,80.0,10.0,1800,100.0,1.3,0.0017568209213397546,6.68586094706836,6.016157159698354
P7608,80.0,10.0,3000,100.0,0.95,0.0010540925530380958,6.68586094706836,5.634789603169249
P7609,80.0,10.0,3000,100.0,0.95,0.0010540925530380958,6.68586094706836,5.634789603169249
P7610,80.0,10.0,3000,100.0,0.95,0.0010540925530380958,6.68586094706836,5.634789603169249
P7611,80.0,10.0,3000,100.0,1.125,0.0010540925530380958,6.68586094706836,5.66988092298052
P7612,80.0,10.0,3000,100.0,1.125,0.0010540925530380958,6.68586094706836,5.66988092298052
P7613,80.0,10.0,3000,100.0,1.125,0.0010540925530380958,6.68586094706836,5.66988092298052
P7614,80.0,10.0,3000,100.0,1.3,0.0010540925530380958,6.68586094706836,5.66988092298052
P7615,80.0,10.0,3000,100.0,1.3,0.0010540925530380958,6.68586094706836,5.66988092298052
P7616,80.0,10.0,3000,100.0,1.3,0.0010540925530380958,6.68586094706836,5.66988092298052
P7644,80.0,33.33333333333333,1800,100.0,0.95,0.0032075014937159754,7.888959461698936,6.345636360828596
P7645,80.0,33.33333333333333,1800,100.0,0.95,0.0032075014937159754,7.888959461698936,6.345636360828596
P7646,80.0,33.33333333333333,1800,100.0,0.95,0.0032075014937159754,7.888959461698936,6.345636360828596
P7647,80.0,33.33333333333333,1800,100.0,1.125,0.0032075014937159754,7.888959461698936,6.345636360828596
P7648,80.0,33.33333333333333,1800,100.0,1.125,0.0032075014937159754,7.888959461698936,6.345636360828596
P7649,80.0,33.33333333333333,1800,100.0,1.125,0.0032075014937159754,7.888959461698936,6.345636360828596
P7650,80.0,33.33333333333333,1800,100.0,1.3,0.0032075014937159754,7.888959461698936,6.345636360828596
P7651,80.0,33.33333333333333,1800,100.0,1.3,0.0032075014937159754,7.888959461698936,6.345636360828596
P7652,80.0,33.33333333333333,1800,100.0,1.3,0.0032075014937159754,7.888959461698936,6.345636360828596
P7752,80.0,33.33333333333333,3000,100.0,0.95,0.0019245008966572521,7.888959461698936,5.66988092298052
P7753,80.0,33.33333333333333,3000,100.0,0.95,0.0019245008966572521,7.888959461698936,5.66988092298052
P7754,80.0,33.33333333333333,3000,100.0,0.95,0.0019245008966572521,7.888959461698936,5.66988092298052
P7755,80.0,33.33333333333333,3000,100.0,1.125,0.0019245008966572521,7.888959461698936,5.703782474656201
P7756,80.0,33.33333333333333,3000,100.0,1.125,0.0019245008966572521,7.888959461698936,5.703782474656201
P7757,80.0,33.33333333333333,3000,100.0,1.125,0.0019245008966572521,7.888959461698936,5.703782474656201
P7758,80.0,33.33333333333333,3000,100.0,1.3,0.0019245008966572521,7.888959461698936,5.703782474656201
P7759,80.0,33.33333333333333,3000,100.0,1.3,0.0019245008966572521,7.888959461698936,5.703782474656201
P7760,80.0,33.33333333333333,3000,100.0,1.3,0.0019245008966572521,7.888959461698936,5.703782474656201
P7788,80.0,56.66666666666666,1800,100.0,0.95,0.004182070290504855,8.41943334696532,6.606650186198215
P7789,80.0,56.66666666666666,1800,100.0,0.95,0.004182070290504855,8.41943334696532,6.606650186198215
P7790,80.0,56.66666666666666,1800,100.0,0.95,0.004182070290504855,8.41943334696532,6.606650186198215
P7791,80.0,56.66666666666666,1800,100.0,1.125,0.004182070290504855,8.41943334696532,6.606650186198215
P7792,80.0,56.66666666666666,1800,100.0,1.125,0.004182070290504855,8.41943334696532,6.606650186198215
P7793,80.0,56.66666666666666,1800,100.0,1.125,0.004182070290504855,8.41943334696532,6.606650186198215
P7794,80.0,56.66666666666666,1800,100.0,1.3,0.004182070290504855,8.41943334696532,6.606650186198215
P7795,80.0,56.66666666666666,1800,100.0,1.3,0.004182070290504855,8.41943334696532,6.606650186198215
P7796,80.0,56.66666666666666,1800,100.0,1.3,0.004182070290504855,8.41943334696532,6.606650186198215
P7896,80.0,56.66666666666666,3000,100.0,0.95,0.0025092421748605224,8.41943334696532,5.768320995793772
P7897,80.0,56.66666666666666,3000,100.0,0.95,0.0025092421748605224,8.41943334696532,5.768320995793772
P7898,80.0,56.66666666666666,3000,100.0,0.95,0.0025092421748605224,8.41943334696532,5.768320995793772
P7899,80.0,56.66666666666666,3000,100.0,1.125,0.0025092421748605224,8.41943334696532,5.768320995793772
P7900,80.0,56.66666666666666,3000,100.0,1.125,0.0025092421748605224,8.41943334696532,5.768320995793772
P7901,80.0,56.66666666666666,3000,100.0,1.125,0.0025092421748605224,8.41943334696532,5.768320995793772
P7902,80.0,56.66666666666666,3000,100.0,1.3,0.0025092421748605224,8.41943334696532,5.768320995793772
P7903,80.0,56.66666666666666,3000,100.0,1.3,0.0025092421748605224,8.41943334696532,5.768320995793772
P7904,80.0,56.66666666666666,3000,100.0,1.3,0.0025092421748605224,8.41943334696532,5.768320995793772
P7932,80.0,80.0,1800,100.0,0.95,0.0049690399472389546,8.764209507142004,8.242756345714477
P7933,80.0,80.0,1800,100.0,0.95,0.0049690399472389546,8.764209507142004,8.242756345714477
P7934,80.0,80.0,1800,100.0,0.95,0.0049690399472389546,8.764209507142004,8.242756345714477
P7935,80.0,80.0,1800,100.0,1.125,0.0049690399472389546,8.764209507142004,8.242756345714477
P7936,80.0,80.0,1800,100.0,1.125,0.0049690399472389546,8.764209507142004,8.242756345714477
P7937,80.0,80.0,1800,100.0,1.125,0.0049690399472389546,8.764209507142004,8.242756345714477
P7938,80.0,80.0,1800,100.0,1.3,0.0049690399472389546,8.764209507142004,8.242756345714477
P7939,80.0,80.0,1800,100.0,1.3,0.0049690399472389546,8.764209507142004,8.242756345714477
P7940,80.0,80.0,1800,100.0,1.3,0.0049690399472389546,8.764209507142004,8.242756345714477
P8040,80.0,80.0,3000,100.0,0.95,0.002981423969005912,8.764209507142004,5.857933154483459
P8041,80.0,80.0,3000,100.0,0.95,0.002981423969005912,8.764209507142004,5.857933154483459
P8042,80.0,80.0,3000,100.0,0.95,0.002981423969005912,8.764209507142004,5.857933154483459
P8043,80.0,80.0,3000,100.0,1.125,0.002981423969005912,8.764209507142004,5.857933154483459
P8044,80.0,80.0,3000,100.0,1.125,0.002981423969005912,8.764209507142004,5.857933154483459
P8045,80.0,80.0,3000,100.0,1.125,0.002981423969005912,8.764209507142004,5.857933154483459
P8046,80.0,80.0,3000,100.0,1.3,0.002981423969005912,8.764209507142004,5.857933154483459
P8047,80.0,80.0,3000,100.0,1.3,0.002981423969005912,8.764209507142004,5.857933154483459
P8048,80.0,80.0,3000,100.0,1.3,0.002981423969005912,8.764209507142004,5.857933154483459
P8076,253.3333333333333,10.0,1800,100.0,0.95,0.0017568209213397546,7.837685896560327,6.745236349484363
P8077,253.3333333333333,10.0,1800,100.0,0.95,0.0017568209213397546,7.837685896560327,6.745236349484363
P8078,253.3333333333333,10.0,1800,100.0,0.95,0.0017568209213397546,7.837685896560327,6.745236349484363
P8079,253.3333333333333,10.0,1800,100.0,1.125,0.0017568209213397546,7.837685896560327,6.745236349484363
P8080,253.3333333333333,10.0,1800,100.0,1.125,0.0017568209213397546,7.837685896560327,6.745236349484363
P8081,253.3333333333333,10.0,1800,100.0,1.125,0.0017568209213397546,7.837685896560327,6.745236349484363
P8082,253.3333333333333,10.0,1800,100.0,1.3,0.0017568209213397546,7.837685896560327,6.745236349484363
P8083,253.3333333333333,10.0,1800,100.0,1.3,0.0017568209213397546,7.837685896560327,6.745236349484363
P8084,253.3333333333333,10.0,1800,100.0,1.3,0.0017568209213397546,7.837685896560327,6.745236349484363
P8184,253.3333333333333,10.0,3000,100.0,0.95,0.0010540925530380958,7.837685896560327,6.194405391104672
P8185,253.3333333333333,10.0,3000,100.0,0.95,0.0010540925530380958,7.837685896560327,6.194405391104672
P8186,253.3333333333333,10.0,3000,100.0,0.95,0.0010540925530380958,7.837685896560327,6.194405391104672
P8187,253.3333333333333,10.0,3000,100.0,1.125,0.0010540925530380958,7.837685896560327,6.194405391104672
P8188,253.3333333333333,10.0,3000,100.0,1.125,0.0010540925530380958,7.837685896560327,6.194405391104672
P8189,253.3333333333333,10.0,3000,100.0,1.125,0.0010540925530380958,7.837685896560327,6.194405391104672
P8190,253.3333333333333,10.0,3000,100.0,1.3,0.0010540925530380958,7.837685896560327,6.194405391104672
P8191,253.3333333333333,10.0,3000,100.0,1.3,0.0010540925530380958,7.837685896560327,6.194405391104672
P8192,253.3333333333333,10.0,3000,100.0,1.3,0.0010540925530380958,7.837685896560327,6.194405391104672
P8220,253.3333333333333,33.33333333333333,1800,100.0,0.95,0.0032075014937159754,9.041382455973661,7.090076835776092
P8221,253.3333333333333,33.33333333333333,1800,100.0,0.95,0.0032075014937159754,9.041382455973661,7.090076835776092
P8222,253.3333333333333,33.33333333333333,1800,100.0,0.95,0.0032075014937159754,9.041382455973661,7.090076835776092
P8223,253.3333333333333,33.33333333333333,1800,100.0,1.125,0.0032075014937159754,9.041382455973661,7.090076835776092
P8224,253.3333333333333,33.33333333333333,1800,100.0,1.125,0.0032075014937159754,9.041382455973661,7.090076835776092
P8225,253.3333333333333,33.33333333333333,1800,100.0,1.125,0.0032075014937159754,9.041382455973661,7.090076835776092
P8226,253.3333333333333,33.33333333333333,1800,100.0,1.3,0.0032075014937159754,9.041382455973661,7.090076835776092
P8227,253.3333333333333,33.33333333333333,1800,100.0,1.3,0.0032075014937159754,9.041382455973661,7.090076835776092
P8228,253.3333333333333,33.33333333333333,1800,100.0,1.3,0.0032075014937159754,9.041382455973661,7.090076835776092
P8328,253.3333333333333,33.33333333333333,3000,100.0,0.95,0.0019245008966572521,9.041382455973661,6.194405391104672
P8329,253.3333333333333,33.33333333333333,3000,100.0,0.95,0.0019245008966572521,9.041382455973661,6.194405391104672
P8330,253.3333333333333,33.33333333333333,3000,100.0,0.95,0.0019245008966572521,9.041382455973661,6.194405391104672
P8331,253.3333333333333,33.33333333333333,3000,100.0,1.125,0.0019245008966572521,9.041382455973661,6.194405391104672
P8332,253.3333333333333,33.33333333333333,3000,100.0,1.125,0.0019245008966572521,9.041382455973661,6.194405391104672
P8333,253.3333333333333,33.33333333333333,3000,100.0,1.125,0.0019245008966572521,9.041382455973661,6.194405391104672
P8334,253.3333333333333,33.33333333333333,3000,100.0,1.3,0.0019245008966572521,9.041382455973661,6.194405391104672
P8335,253.3333333333333,33.33333333333333,3000,100.0,1.3,0.0019245008966572521,9.041382455973661,6.194405391104672
P8336,253.3333333333333,33.33333333333333,3000,100.0,1.3,0.0019245008966572521,9.041382455973661,6.194405391104672
P8364,253.3333333333333,56.66666666666666,1800,100.0,0.95,0.004182070290504855,9.571961950011037,7.3777589082278725
P8365,253.3333333333333,56.66666666666666,1800,100.0,0.95,0.004182070290504855,9.571961950011037,7.3777589082278725
P8366,253.3333333333333,56.66666666666666,1800,100.0,0.95,0.004182070290504855,9.571961950011037,7.3777589082278725
P8367,253.3333333333333,56.66666666666666,1800,100.0,1.125,0.004182070290504855,9.571961950011037,7.3777589082278725
P8368,253.3333333333333,56.66666666666666,1800,100.0,1.125,0.004182070290504855,9.571961950011037,7.3777589082278725
P8369,253.3333333333333,56.66666666666666,1800,100.0,1.125,0.004182070290504855,9.571961950011037,7.3777589082278725
P8370,253.3333333333333,56.66666666666666,1800,100.0,1.3,0.004182070290504855,9.571961950011037,7.3777589082278725
P8371,253.3333333333333,56.66666666666666,1800,100.0,1.3,0.004182070290504855,9.571961950011037,7.3777589082278725
P8372,253.3333333333333,56.66666666666666,1800,100.0,1.3,0.004182070290504855,9.571961950011037,7.3777589082278725
P8472,253.3333333333333,56.66666666666666,3000,100.0,0.95,0.0025092421748605224,9.571961950011037,6.309918278226516
P8473,253.3333333333333,56.66666666666666,3000,100.0,0.95,0.0025092421748605224,9.571961950011037,6.309918278226516
P8474,253.3333333333333,56.66666666666666,3000,100.0,0.95,0.0025092421748605224,9.571961950011037,6.309918278226516
P8475,253.3333333333333,56.66666666666666,3000,100.0,1.125,0.0025092421748605224,9.571961950011037,6.309918278226516
P8476,253.3333333333333,56.66666666666666,3000,100.0,1.125,0.0025092421748605224,9.571961950011037,6.309918278226516
P8477,253.3333333333333,56.66666666666666,3000,100.0,1.125,0.0025092421748605224,9.571961950011037,6.309918278226516
P8478,253.3333333333333,56.66666666666666,3000,100.0,1.3,0.0025092421748605224,9.571961950011037,6.309918278226516
P8479,253.3333333333333,56.66666666666666,3000,100.0,1.3,0.0025092421748605224,9.571961950011037,6.309918278226516
P8480,253.3333333333333,56.66666666666666,3000,100.0,1.3,0.0025092421748605224,9.571961950011037,6.309918278226516
P8508,253.3333333333333,80.0,1800,100.0,0.95,0.0049690399472389546,9.91678212017413,8.881836305004146
P8509,253.3333333333333,80.0,1800,100.0,0.95,0.0049690399472389546,9.91678212017413,8.881836305004146
P8510,253.3333333333333,80.0,1800,100.0,0.95,0.0049690399472389546,9.91678212017413,8.881836305004146
P8511,253.3333333333333,80.0,1800,100.0,1.125,0.0049690399472389546,9.91678212017413,8.895629627136483
P8512,253.3333333333333,80.0,1800,100.0,1.125,0.0049690399472389546,9.91678212017413,8.895629627136483
P8513,253.3333333333333,80.0,1800,100.0,1.125,0.0049690399472389546,9.91678212017413,8.895629627136483
P8514,253.3333333333333,80.0,1800,100.0,1.3,0.0049690399472389546,9.91678212017413,8.895629627136483
P8515,253.3333333333333,80.0,1800,100.0,1.3,0.0049690399472389546,9.91678212017413,8.895629627136483
P8516,253.3333333333333,80.0,1800,100.0,1.3,0.0049690399472389546,9.91678212017413,8.895629627136483
P8616,253.3333333333333,80.0,3000,100.0,0.95,0.002981423969005912,9.91678212017413,6.396929655216146
P8617,253.3333333333333,80.0,3000,100.0,0.95,0.002981423969005912,9.91678212017413,6.396929655216146
P8618,253.3333333333333,80.0,3000,100.0,0.95,0.002981423969005912,9.91678212017413,6.396929655216146
P8619,253.3333333333333,80.0,3000,100.0,1.125,0.002981423969005912,9.91678212017413,6.396929655216146
P8620,253.3333333333333,80.0,3000,100.0,1.125,0.002981423969005912,9.91678212017413,6.396929655216146
P8621,253.3333333333333,80.0,3000,100.0,1.125,0.002981423969005912,9.91678212017413,6.396929655216146
P8622,253.3333333333333,80.0,3000,100.0,1.3,0.002981423969005912,9.91678212017413,6.396929655216146
P8623,253.3333333333333,80.0,3000,100.0,1.3,0.002981423969005912,9.91678212017413,6.396929655216146
P8624,253.3333333333333,80.0,3000,100.0,1.3,0.002981423969005912,9.91678212017413,6.396929655216146
P8652,426.6666666666667,10.0,1800,100.0,0.95,0.0017568209213397546,8.358822508778069,7.170119543449628
P8653,426.6666666666667,10.0,1800,100.0,0.95,0.0017568209213397546,8.358822508778069,7.170119543449628
P8654,426.6666666666667,10.0,1800,100.0,0.95,0.0017568209213397546,8.358822508778069,7.170119543449628
P8655,426.6666666666667,10.0,1800,100.0,1.125,0.0017568209213397546,8.358822508778069,7.170119543449628
P8656,426.6666666666667,10.0,1800,100.0,1.125,0.0017568209213397546,8.358822508778069,7.170119543449628
P8657,426.6666666666667,10.0,1800,100.0,1.125,0.0017568209213397546,8.358822508778069,7.170119543449628
P8658,426.6666666666667,10.0,1800,100.0,1.3,0.0017568209213397546,8.358822508778069,7.170119543449628
P8659,426.6666666666667,10.0,1800,100.0,1.3,0.0017568209213397546,8.358822508778069,7.170119543449628
P8660,426.6666666666667,10.0,1800,100.0,1.3,0.0017568209213397546,8.358822508778069,7.170119543449628
P8760,426.6666666666667,10.0,3000,100.0,0.95,0.0010540925530380958,8.358822508778069,6.551080335043404
P8761,426.6666666666667,10.0,3000,100.0,0.95,0.0010540925530380958,8.358822508778069,6.551080335043404
P8762,426.6666666666667,10.0,3000,100.0,0.95,0.0010540925530380958,8.358822508778069,6.551080335043404
P8763,426.6666666666667,10.0,3000,100.0,1.125,0.0010540925530380958,8.358822508778069,6.551080335043404
P8764,426.6666666666667,10.0,3000,100.0,1.125,0.0010540925530380958,8.358822508778069,6.551080335043404
P8765,426.6666666666667,10.0,3000,100.0,1.125,0.0010540925530380958,8.358822508778069,6.551080335043404
P8766,426.6666666666667,10.0,3000,100.0,1.3,0.0010540925530380958,8.358822508778069,6.551080335043404
P8767,426.6666666666667,10.0,3000,100.0,1.3,0.0010540925530380958,8.358822508778069,6.551080335043404
P8768,426.6666666666667,10.0,3000,100.0,1.3,0.0010540925530380958,8.358822508778069,6.551080335043404
P8796,426.6666666666667,33.33333333333333,1800,100.0,0.95,0.0032075014937159754,9.562631275593727,7.495541943884256
P8797,426.6666666666667,33.33333333333333,1800,100.0,0.95,0.0032075014937159754,9.562631275593727,7.495541943884256
P8798,426.6666666666667,33.33333333333333,1800,100.0,0.95,0.0032075014937159754,9.562631275593727,7.495541943884256
P8799,426.6666666666667,33.33333333333333,1800,100.0,1.125,0.0032075014937159754,9.562631275593727,7.495541943884256
P8800,426.6666666666667,33.33333333333333,1800,100.0,1.125,0.0032075014937159754,9.562631275593727,7.495541943884256
P8801,426.6666666666667,33.33333333333333,1800,100.0,1.125,0.0032075014937159754,9.562631275593727,7.495541943884256
P8802,426.6666666666667,33.33333333333333,1800,100.0,1.3,0.0032075014937159754,9.562631275593727,7.495541943884256
P8803,426.6666666666667,33.33333333333333,1800,100.0,1.3,0.0032075014937159754,9.562631275593727,7.495541943884256
P8804,426.6666666666667,33.33333333333333,1800,100.0,1.3,0.0032075014937159754,9.562631275593727,7.495541943884256
P8904,426.6666666666667,33.33333333333333,3000,100.0,0.95,0.0019245008966572521,9.562631275593727,6.551080335043404
P8905,426.6666666666667,33.33333333333333,3000,100.0,0.95,0.0019245008966572521,9.562631275593727,6.551080335043404
P8906,426.6666666666667,33.33333333333333,3000,100.0,0.95,0.0019245008966572521,9.562631275593727,6.551080335043404
P8907,426.6666666666667,33.33333333333333,3000,100.0,1.125,0.0019245008966572521,9.562631275593727,6.551080335043404
P8908,426.6666666666667,33.33333333333333,3000,100.0,1.125,0.0019245008966572521,9.562631275593727,6.551080335043404
P8909,426.6666666666667,33.33333333333333,3000,100.0,1.125,0.0019245008966572521,9.562631275593727,6.551080335043404
P8910,426.6666666666667,33.33333333333333,3000,100.0,1.3,0.0019245008966572521,9.562631275593727,6.551080335043404
P8911,426.6666666666667,33.33333333333333,3000,100.0,1.3,0.0019245008966572521,9.562631275593727,6.551080335043404
P8912,426.6666666666667,33.33333333333333,3000,100.0,1.3,0.0019245008966572521,9.562631275593727,6.551080335043404
P8940,426.6666666666667,56.66666666666666,1800,100.0,0.95,0.004182070290504855,10.09323057606651,7.783224016336037
P8941,426.6666666666667,56.66666666666666,1800,100.0,0.95,0.004182070290504855,10.09323057606651,7.783224016336037
P8942,426.6666666666667,56.66666666666666,1800,100.0,0.95,0.004182070290504855,10.09323057606651,7.783224016336037
P8943,426.6666666666667,56.66666666666666,1800,100.0,1.125,0.004182070290504855,10.09323057606651,7.783224016336037
P8944,426.6666666666667,56.66666666666666,1800,100.0,1.125,0.004182070290504855,10.09323057606651,7.783224016336037
P8945,426.6666666666667,56.66666666666666,1800,100.0,1.125,0.004182070290504855,10.09323057606651,7.783224016336037
P8946,426.6666666666667,56.66666666666666,1800,100.0,1.3,0.004182070290504855,10.09323057606651,7.783224016336037
P8947,426.6666666666667,56.66666666666666,1800,100.0,1.3,0.004182070290504855,10.09323057606651,7.783224016336037
P8948,426.6666666666667,56.66666666666666,1800,100.0,1.3,0.004182070290504855,10.09323057606651,7.783224016336037
P9048,426.6666666666667,56.66666666666666,3000,100.0,0.95,0.0025092421748605224,10.09323057606651,6.646390514847729
P9049,426.6666666666667,56.66666666666666,3000,100.0,0.95,0.0025092421748605224,10.09323057606651,6.646390514847729
P9050,426.6666666666667,56.66666666666666,3000,100.0,0.95,0.0025092421748605224,10.09323057606651,6.646390514847729
P9051,426.6666666666667,56.66666666666666,3000,100.0,1.125,0.0025092421748605224,10.09323057606651,6.646390514847729
P9052,426.6666666666667,56.66666666666666,3000,100.0,1.125,0.0025092421748605224,10.09323057606651,6.646390514847729
P9053,426.6666666666667,56.66666666666666,3000,100.0,1.125,0.0025092421748605224,10.09323057606651,6.646390514847729
P9054,426.6666666666667,56.66666666666666,3000,100.0,1.3,0.0025092421748605224,10.09323057606651,6.646390514847729
P9055,426.6666666666667,56.66666666666666,3000,100.0,1.3,0.0025092421748605224,10.09323057606651,6.646390514847729
P9056,426.6666666666667,56.66666666666666,3000,100.0,1.3,0.0025092421748605224,10.09323057606651,6.646390514847729
P9084,426.6666666666667,80.0,1800,100.0,0.95,0.0049690399472389546,10.438058999365289,9.259130536145614
P9085,426.6666666666667,80.0,1800,100.0,0.95,0.0049690399472389546,10.438058999365289,9.259130536145614
P9086,426.6666666666667,80.0,1800,100.0,0.95,0.0049690399472389546,10.438058999365289,9.259130536145614
P9087,426.6666666666667,80.0,1800,100.0,1.125,0.0049690399472389546,10.438058999365289,9.259130536145614
P9088,426.6666666666667,80.0,1800,100.0,1.125,0.0049690399472389546,10.438058999365289,9.259130536145614
P9089,426.6666666666667,80.0,1800,100.0,1.125,0.0049690399472389546,10.438058999365289,9.259130536145614
P9090,426.6666666666667,80.0,1800,100.0,1.3,0.0049690399472389546,10.438058999365289,9.259130536145614
P9091,426.6666666666667,80.0,1800,100.0,1.3,0.0049690399472389546,10.438058999365289,9.259130536145614
P9092,426.6666666666667,80.0,1800,100.0,1.3,0.0049690399472389546,10.438058999365289,9.259130536145614
P9192,426.6666666666667,80.0,3000,100.0,0.95,0.002981423969005912,10.438058999365289,6.745236349484363
P9193,426.6666666666667,80.0,3000,100.0,0.95,0.002981423969005912,10.438058999365289,6.745236349484363
P9194,426.6666666666667,80.0,3000,100.0,0.95,0.002981423969005912,10.438058999365289,6.745236349484363
P9195,426.6666666666667,80.0,3000,100.0,1.125,0.002981423969005912,10.438058999365289,6.745236349484363
P9196,426.6666666666667,80.0,3000,100.0,1.125,0.002981423969005912,10.438058999365289,6.745236349484363
P9197,426.6666666666667,80.0,3000,100.0,1.125,0.002981423969005912,10.438058999365289,6.745236349484363
P9198,426.6666666666667,80.0,3000,100.0,1.3,0.002981423969005912,10.438058999365289,6.745236349484363
P9199,426.6666666666667,80.0,3000,100.0,1.3,0.002981423969005912,10.438058999365289,6.745236349484363
P9200,426.6666666666667,80.0,3000,100.0,1.3,0.002981423969005912,10.438058999365289,6.745236349484363
P9228,600.0,10.0,1800,100.0,0.95,0.0017568209213397546,8.699681400989514,7.438383530044307
P9229,600.0,10.0,1800,100.0,0.95,0.0017568209213397546,8.699681400989514,7.438383530044307
P9230,600.0,10.0,1800,100.0,0.95,0.0017568209213397546,8.699681400989514,7.438383530044307
P9231,600.0,10.0,1800,100.0,1.125,0.0017568209213397546,8.699681400989514,7.438383530044307
P9232,600.0,10.0,1800,100.0,1.125,0.0017568209213397546,8.699681400989514,7.438383530044307
P9233,600.0,10.0,1800,100.0,1.125,0.0017568209213397546,8.699681400989514,7.438383530044307
P9234,600.0,10.0,1800,100.0,1.3,0.0017568209213397546,8.699681400989514,7.438383530044307
P9235,600.0,10.0,1800,100.0,1.3,0.0017568209213397546,8.699681400989514,7.438383530044307
P9236,600.0,10.0,1800,100.0,1.3,0.0017568209213397546,8.699681400989514,7.438383530044307
P9336,600.0,10.0,3000,100.0,0.95,0.0010540925530380958,8.699681400989514,6.7912214627261855
P9337,600.0,10.0,3000,100.0,0.95,0.0010540925530380958,8.699681400989514,6.7912214627261855
P9338,600.0,10.0,3000,100.0,0.95,0.0010540925530380958,8.699681400989514,6.7912214627261855
P9339,600.0,10.0,3000,100.0,1.125,0.0010540925530380958,8.699681400989514,6.7912214627261855
P9340,600.0,10.0,3000,100.0,1.125,0.0010540925530380958,8.699681400989514,6.7912214627261855
P9341,600.0,10.0,3000,100.0,1.125,0.0010540925530380958,8.699681400989514,6.7912214627261855
P9342,600.0,10.0,3000,100.0,1.3,0.0010540925530380958,8.699681400989514,6.7912214627261855
P9343,600.0,10.0,3000,100.0,1.3,0.0010540925530380958,8.699681400989514,6.7912214627261855
P9344,600.0,10.0,3000,100.0,1.3,0.0010540925530380958,8.699681400989514,6.7912214627261855
P9372,600.0,33.33333333333333,1800,100.0,0.95,0.0032075014937159754,9.903537551286169,7.783224016336037
P9373,600.0,33.33333333333333,1800,100.0,0.95,0.0032075014937159754,9.903537551286169,7.783224016336037
P9374,600.0,33.33333333333333,1800,100.0,0.95,0.0032075014937159754,9.903537551286169,7.783224016336037
P9375,600.0,33.33333333333333,1800,100.0,1.125,0.0032075014937159754,9.903537551286169,7.783224016336037
P9376,600.0,33.33333333333333,1800,100.0,1.125,0.0032075014937159754,9.903537551286169,7.783224016336037
P9377,600.0,33.33333333333333,1800,100.0,1.125,0.0032075014937159754,9.903537551286169,7.783224016336037
P9378,600.0,33.33333333333333,1800,100.0,1.3,0.0032075014937159754,9.903537551286169,7.783224016336037
P9379,600.0,33.33333333333333,1800,100.0,1.3,0.0032075014937159754,9.903537551286169,7.783224016336037
P9380,600.0,33.33333333333333,1800,100.0,1.3,0.0032075014937159754,9.903537551286169,7.783224016336037
P9480,600.0,33.33333333333333,3000,100.0,0.95,0.0019245008966572521,9.903537551286169,6.802394763324311
P9481,600.0,33.33333333333333,3000,100.0,0.95,0.0019245008966572521,9.903537551286169,6.802394763324311
P9482,600.0,33.33333333333333,3000,100.0,0.95,0.0019245008966572521,9.903537551286169,6.802394763324311
P9483,600.0,33.33333333333333,3000,100.0,1.125,0.0019245008966572521,9.903537551286169,6.802394763324311
P9484,600.0,33.33333333333333,3000,100.0,1.125,0.0019245008966572521,9.903537551286169,6.802394763324311
P9485,600.0,33.33333333333333,3000,100.0,1.125,0.0019245008966572521,9.903537551286169,6.802394763324311
P9486,600.0,33.33333333333333,3000,100.0,1.3,0.0019245008966572521,9.903537551286169,6.802394763324311
P9487,600.0,33.33333333333333,3000,100.0,1.3,0.0019245008966572521,9.903537551286169,6.802394763324311
P9488,600.0,33.33333333333333,3000,100.0,1.3,0.0019245008966572521,9.903537551286169,6.802394763324311
P9516,600.0,56.66666666666666,1800,100.0,0.95,0.004182070290504855,10.434145214930487,8.039157390473237
P9517,600.0,56.66666666666666,1800,100.0,0.95,0.004182070290504855,10.434145214930487,8.039157390473237
P9518,600.0,56.66666666666666,1800,100.0,0.95,0.004182070290504855,10.434145214930487,8.039157390473237
P9519,600.0,56.66666666666666,1800,100.0,1.125,0.004182070290504855,10.434145214930487,8.039157390473237
P9520,600.0,56.66666666666666,1800,100.0,1.125,0.004182070290504855,10.434145214930487,8.039157390473237
P9521,600.0,56.66666666666666,1800,100.0,1.125,0.004182070290504855,10.434145214930487,8.039157390473237
P9522,600.0,56.66666666666666,1800,100.0,1.3,0.004182070290504855,10.434145214930487,8.039157390473237
P9523,600.0,56.66666666666666,1800,100.0,1.3,0.004182070290504855,10.434145214930487,8.039157390473237
P9524,600.0,56.66666666666666,1800,100.0,1.3,0.004182070290504855,10.434145214930487,8.039157390473237
P9624,600.0,56.66666666666666,3000,100.0,0.95,0.0025092421748605224,10.434145214930487,6.907755278982137
P9625,600.0,56.66666666666666,3000,100.0,0.95,0.0025092421748605224,10.434145214930487,6.907755278982137
P9626,600.0,56.66666666666666,3000,100.0,0.95,0.0025092421748605224,10.434145214930487,6.907755278982137
P9627,600.0,56.66666666666666,3000,100.0,1.125,0.0025092421748605224,10.434145214930487,6.907755278982137
P9628,600.0,56.66666666666666,3000,100.0,1.125,0.0025092421748605224,10.434145214930487,6.907755278982137
P9629,600.0,56.66666666666666,3000,100.0,1.125,0.0025092421748605224,10.434145214930487,6.907755278982137
P9630,600.0,56.66666666666666,3000,100.0,1.3,0.0025092421748605224,10.434145214930487,6.907755278982137
P9631,600.0,56.66666666666666,3000,100.0,1.3,0.0025092421748605224,10.434145214930487,6.907755278982137
P9632,600.0,56.66666666666666,3000,100.0,1.3,0.0025092421748605224,10.434145214930487,6.907755278982137
P9660,600.0,80.0,1800,100.0,0.95,0.0049690399472389546,10.778977123006351,9.539644119118783
P9661,600.0,80.0,1800,100.0,0.95,0.0049690399472389546,10.778977123006351,9.539644119118783
P9662,600.0,80.0,1800,100.0,0.95,0.0049690399472389546,10.778977123006351,9.539644119118783
P9663,600.0,80.0,1800,100.0,1.125,0.0049690399472389546,10.778977123006351,9.539644119118783
P9664,600.0,80.0,1800,100.0,1.125,0.0049690399472389546,10.778977123006351,9.539644119118783
P9665,600.0,80.0,1800,100.0,1.125,0.0049690399472389546,10.778977123006351,9.539644119118783
P9666,600.0,80.0,1800,100.0,1.3,0.0049690399472389546,10.778977123006351,9.539644119118783
P9667,600.0,80.0,1800,100.0,1.3,0.0049690399472389546,10.778977123006351,9.539644119118783
P9668,600.0,80.0,1800,100.0,1.3,0.0049690399472389546,10.778977123006351,9.539644119118783
P9768,600.0,80.0,3000,100.0,0.95,0.002981423969005912,10.778977123006351,7.003065458786462
P9769,600.0,80.0,3000,100.0,0.95,0.002981423969005912,10.778977123006351,7.003065458786462
P9770,600.0,80.0,3000,100.0,0.95,0.002981423969005912,10.778977123006351,7.003065458786462
P9771,600.0,80.0,3000,100.0,1.125,0.002981423969005912,10.778977123006351,7.003065458786462
P9772,600.0,80.0,3000,100.0,1.125,0.002981423969005912,10.778977123006351,7.003065458786462
P9773,600.0,80.0,3000,100.0,1.125,0.002981423969005912,10.778977123006351,7.003065458786462
P9774,600.0,80.0,3000,100.0,1.3,0.002981423969005912,10.778977123006351,7.003065458786462
P9775,600.0,80.0,3000,100.0,1.3,0.002981423969005912,10.778977123006351,7.003065458786462
P9776,600.0,80.0,3000,100.0,1.3,0.002981423969005912,10.778977123006351,7.003065458786462
