tag,flow_rate,fluid_head,rpm,spec_gravity,power_kw,useful_kw,diameter_proxy,weight_kg
P12,10.0,10.0,1800,15.0,0.6,100.0,0.0017568209213397546,250
P13,10.0,10.0,1800,15.0,0.6,100.0,0.0017568209213397546,250
P14,10.0,10.0,1800,15.0,0.6,100.0,0.0017568209213397546,250
P15,10.0,10.0,1800,15.0,1.1,100.0,0.0017568209213397546,250
P16,10.0,10.0,1800,15.0,1.1,100.0,0.0017568209213397546,250
P17,10.0,10.0,1800,15.0,1.1,100.0,0.0017568209213397546,250
P18,10.0,10.0,1800,15.0,1.6,100.0,0.0017568209213397546,260
P19,10.0,10.0,1800,15.0,1.6,100.0,0.0017568209213397546,260
P20,10.0,10.0,1800,15.0,1.6,100.0,0.0017568209213397546,260
P156,10.0,26.66666666666667,1800,15.0,0.6,266.66666666666674,0.0028688765511524147,290
P157,10.0,26.66666666666667,1800,15.0,0.6,266.66666666666674,0.0028688765511524147,290
P158,10.0,26.66666666666667,1800,15.0,0.6,266.66666666666674,0.0028688765511524147,290
P159,10.0,26.66666666666667,1800,15.0,1.1,266.66666666666674,0.0028688765511524147,290
P160,10.0,26.66666666666667,1800,15.0,1.1,266.66666666666674,0.0028688765511524147,290
P161,10.0,26.66666666666667,1800,15.0,1.1,266.66666666666674,0.0028688765511524147,290
P162,10.0,26.66666666666667,1800,15.0,1.6,266.66666666666674,0.0028688765511524147,300
P163,10.0,26.66666666666667,1800,15.0,1.6,266.66666666666674,0.0028688765511524147,300
P164,10.0,26.66666666666667,1800,15.0,1.6,266.66666666666674,0.0028688765511524147,300
P300,10.0,43.33333333333334,1800,15.0,0.6,433.3333333333334,0.0036571143791037327,350
P301,10.0,43.33333333333334,1800,15.0,0.6,433.3333333333334,0.0036571143791037327,350
P302,10.0,43.33333333333334,1800,15.0,0.6,433.3333333333334,0.0036571143791037327,350
P303,10.0,43.33333333333334,1800,15.0,1.1,433.3333333333334,0.0036571143791037327,350
P304,10.0,43.33333333333334,1800,15.0,1.1,433.3333333333334,0.0036571143791037327,350
P305,10.0,43.33333333333334,1800,15.0,1.1,433.3333333333334,0.0036571143791037327,350
P306,10.0,43.33333333333334,1800,15.0,1.6,433.3333333333334,0.0036571143791037327,360
P307,10.0,43.33333333333334,1800,15.0,1.6,433.3333333333334,0.0036571143791037327,360
P308,10.0,43.33333333333334,1800,15.0,1.6,433.3333333333334,0.0036571143791037327,360
P444,10.0,60.0,1800,15.0,0.6,600.0,0.004303314826728621,410
P445,10.0,60.0,1800,15.0,0.6,600.0,0.004303314826728621,410
P446,10.0,60.0,1800,15.0,0.6,600.0,0.004303314826728621,410
P447,10.0,60.0,1800,15.0,1.1,600.0,0.004303314826728621,420
P448,10.0,60.0,1800,15.0,1.1,600.0,0.004303314826728621,420
P449,10.0,60.0,1800,15.0,1.1,600.0,0.004303314826728621,420
P450,10.0,60.0,1800,15.0,1.6,600.0,0.004303314826728621,430
P451,10.0,60.0,1800,15.0,1.6,600.0,0.004303314826728621,430
P452,10.0,60.0,1800,15.0,1.6,600.0,0.004303314826728621,430
P588,46.66666666666666,10.0,1800,15.0,0.6,466.6666666666666,0.0017568209213397546,320
P589,46.66666666666666,10.0,1800,15.0,0.6,466.6666666666666,0.0017568209213397546,320
P590,46.66666666666666,10.0,1800,15.0,0.6,466.6666666666666,0.0017568209213397546,320
P591,46.66666666666666,10.0,1800,15.0,1.1,466.6666666666666,0.0017568209213397546,320
P592,46.66666666666666,10.0,1800,15.0,1.1,466.6666666666666,0.0017568209213397546,320
P593,46.66666666666666,10.0,1800,15.0,1.1,466.6666666666666,0.0017568209213397546,320
P594,46.66666666666666,10.0,1800,15.0,1.6,466.6666666666666,0.0017568209213397546,330
P595,46.66666666666666,10.0,1800,15.0,1.6,466.6666666666666,0.0017568209213397546,330
P596,46.66666666666666,10.0,1800,15.0,1.6,466.6666666666666,0.0017568209213397546,330
P732,46.66666666666666,26.66666666666667,1800,15.0,0.6,1244.4444444444443,0.0028688765511524147,400
P733,46.66666666666666,26.66666666666667,1800,15.0,0.6,1244.4444444444443,0.0028688765511524147,400
P734,46.66666666666666,26.66666666666667,1800,15.0,0.6,1244.4444444444443,0.0028688765511524147,400
P735,46.66666666666666,26.66666666666667,1800,15.0,1.1,1244.4444444444443,0.0028688765511524147,410
P736,46.66666666666666,26.66666666666667,1800,15.0,1.1,1244.4444444444443,0.0028688765511524147,410
P737,46.66666666666666,26.66666666666667,1800,15.0,1.1,1244.4444444444443,0.0028688765511524147,410
P738,46.66666666666666,26.66666666666667,1800,15.0,1.6,1244.4444444444443,0.0028688765511524147,420
P739,46.66666666666666,26.66666666666667,1800,15.0,1.6,1244.4444444444443,0.0028688765511524147,420
P740,46.66666666666666,26.66666666666667,1800,15.0,1.6,1244.4444444444443,0.0028688765511524147,420
P876,46.66666666666666,43.33333333333334,1800,15.0,0.6,2022.2222222222222,0.0036571143791037327,490
P877,46.66666666666666,43.33333333333334,1800,15.0,0.6,2022.2222222222222,0.0036571143791037327,490
P878,46.66666666666666,43.33333333333334,1800,15.0,0.6,2022.2222222222222,0.0036571143791037327,490
P879,46.66666666666666,43.33333333333334,1800,15.0,1.1,2022.2222222222222,0.0036571143791037327,500
P880,46.66666666666666,43.33333333333334,1800,15.0,1.1,2022.2222222222222,0.0036571143791037327,500
P881,46.66666666666666,43.33333333333334,1800,15.0,1.1,2022.2222222222222,0.0036571143791037327,500
P882,46.66666666666666,43.33333333333334,1800,15.0,1.6,2022.2222222222222,0.0036571143791037327,510
P883,46.66666666666666,43.33333333333334,1800,15.0,1.6,2022.2222222222222,0.0036571143791037327,510
P884,46.66666666666666,43.33333333333334,1800,15.0,1.6,2022.2222222222222,0.0036571143791037327,510
P1020,46.66666666666666,60.0,1800,15.0,0.6,2799.9999999999995,0.004303314826728621,590
P1021,46.66666666666666,60.0,1800,15.0,0.6,2799.9999999999995,0.004303314826728621,590
P1022,46.66666666666666,60.0,1800,15.0,0.6,2799.9999999999995,0.004303314826728621,590
P1023,46.66666666666666,60.0,1800,15.0,1.1,2799.9999999999995,0.004303314826728621,600
P1024,46.66666666666666,60.0,1800,15.0,1.1,2799.9999999999995,0.004303314826728621,600
P1025,46.66666666666666,60.0,1800,15.0,1.1,2799.9999999999995,0.004303314826728621,600
P1026,46.66666666666666,60.0,1800,15.0,1.6,2799.9999999999995,0.004303314826728621,610
P1027,46.66666666666666,60.0,1800,15.0,1.6,2799.9999999999995,0.004303314826728621,610
P1028,46.66666666666666,60.0,1800,15.0,1.6,2799.9999999999995,0.004303314826728621,610
P1164,83.33333333333333,10.0,1800,15.0,0.6,833.3333333333333,0.0017568209213397546,410
P1165,83.33333333333333,10.0,1800,15.0,0.6,833.3333333333333,0.0017568209213397546,410
P1166,83.33333333333333,10.0,1800,15.0,0.6,833.3333333333333,0.0017568209213397546,410
P1167,83.33333333333333,10.0,1800,15.0,1.1,833.3333333333333,0.0017568209213397546,420
P1168,83.33333333333333,10.0,1800,15.0,1.1,833.3333333333333,0.0017568209213397546,420
P1169,83.33333333333333,10.0,1800,15.0,1.1,833.3333333333333,0.0017568209213397546,420
P1170,83.33333333333333,10.0,1800,15.0,1.6,833.3333333333333,0.0017568209213397546,430
P1171,83.33333333333333,10.0,1800,15.0,1.6,833.3333333333333,0.0017568209213397546,430
P1172,83.33333333333333,10.0,1800,15.0,1.6,833.3333333333333,0.0017568209213397546,430
P1308,83.33333333333333,26.66666666666667,1800,15.0,0.6,2222.2222222222226,0.0028688765511524147,530
P1309,83.33333333333333,26.66666666666667,1800,15.0,0.6,2222.2222222222226,0.0028688765511524147,530
P1310,83.33333333333333,26.66666666666667,1800,15.0,0.6,2222.2222222222226,0.0028688765511524147,530
P1311,83.33333333333333,26.66666666666667,1800,15.0,1.1,2222.2222222222226,0.0028688765511524147,540
P1312,83.33333333333333,26.66666666666667,1800,15.0,1.1,2222.2222222222226,0.0028688765511524147,540
P1313,83.33333333333333,26.66666666666667,1800,15.0,1.1,2222.2222222222226,0.0028688765511524147,540
P1314,83.33333333333333,26.66666666666667,1800,15.0,1.6,2222.2222222222226,0.0028688765511524147,550
P1315,83.33333333333333,26.66666666666667,1800,15.0,1.6,2222.2222222222226,0.0028688765511524147,550
P1316,83.33333333333333,26.66666666666667,1800,15.0,1.6,2222.2222222222226,0.0028688765511524147,550
P1452,83.33333333333333,43.33333333333334,1800,15.0,0.6,3611.1111111111118,0.0036571143791037327,650
P1453,83.33333333333333,43.33333333333334,1800,15.0,0.6,3611.1111111111118,0.0036571143791037327,650
P1454,83.33333333333333,43.33333333333334,1800,15.0,0.6,3611.1111111111118,0.0036571143791037327,650
P1455,83.33333333333333,43.33333333333334,1800,15.0,1.1,3611.1111111111118,0.0036571143791037327,660
P1456,83.33333333333333,43.33333333333334,1800,15.0,1.1,3611.1111111111118,0.0036571143791037327,660
P1457,83.33333333333333,43.33333333333334,1800,15.0,1.1,3611.1111111111118,0.0036571143791037327,660
P1458,83.33333333333333,43.33333333333334,1800,15.0,1.6,3611.1111111111118,0.0036571143791037327,670
P1459,83.33333333333333,43.33333333333334,1800,15.0,1.6,3611.1111111111118,0.0036571143791037327,670
P1460,83.33333333333333,43.33333333333334,1800,15.0,1.6,3611.1111111111118,0.0036571143791037327,670
P1596,83.33333333333333,60.0,1800,15.0,0.6,5000.0,0.004303314826728621,770
P1597,83.33333333333333,60.0,1800,15.0,0.6,5000.0,0.004303314826728621,770
P1598,83.33333333333333,60.0,1800,15.0,0.6,5000.0,0.004303314826728621,770
P1599,83.33333333333333,60.0,1800,15.0,1.1,5000.0,0.004303314826728621,780
P1600,83.33333333333333,60.0,1800,15.0,1.1,5000.0,0.004303314826728621,780
P1601,83.33333333333333,60.0,1800,15.0,1.1,5000.0,0.004303314826728621,780
P1602,83.33333333333333,60.0,1800,15.0,1.6,5000.0,0.004303314826728621,790
P1603,83.33333333333333,60.0,1800,15.0,1.6,5000.0,0.004303314826728621,790
P1604,83.33333333333333,60.0,1800,15.0,1.6,5000.0,0.004303314826728621,790
P1740,120.0,10.0,1800,15.0,0.6,1200.0,0.0017568209213397546,490
P1741,120.0,10.0,1800,15.0,0.6,1200.0,0.0017568209213397546,490
P1742,120.0,10.0,1800,15.0,0.6,1200.0,0.0017568209213397546,490
P1743,120.0,10.0,1800,15.0,1.1,1200.0,0.0017568209213397546,500
P1744,120.0,10.0,1800,15.0,1.1,1200.0,0.0017568209213397546,500
P1745,120.0,10.0,1800,15.0,1.1,1200.0,0.0017568209213397546,500
P1746,120.0,10.0,1800,15.0,1.6,1200.0,0.0017568209213397546,510
P1747,120.0,10.0,1800,15.0,1.6,1200.0,0.0017568209213397546,510
P1748,120.0,10.0,1800,15.0,1.6,1200.0,0.0017568209213397546,510
P1884,120.0,26.66666666666667,1800,15.0,0.6,3200.0000000000005,0.0028688765511524147,650
P1885,120.0,26.66666666666667,1800,15.0,0.6,3200.0000000000005,0.0028688765511524147,650
P1886,120.0,26.66666666666667,1800,15.0,0.6,3200.0000000000005,0.0028688765511524147,650
P1887,120.0,26.66666666666667,1800,15.0,1.1,3200.0000000000005,0.0028688765511524147,660
P1888,120.0,26.66666666666667,1800,15.0,1.1,3200.0000000000005,0.0028688765511524147,660
P1889,120.0,26.66666666666667,1800,15.0,1.1,3200.0000000000005,0.0028688765511524147,660
P1890,120.0,26.66666666666667,1800,15.0,1.6,3200.0000000000005,0.0028688765511524147,670
P1891,120.0,26.66666666666667,1800,15.0,1.6,3200.0000000000005,0.0028688765511524147,670
P1892,120.0,26.66666666666667,1800,15.0,1.6,3200.0000000000005,0.0028688765511524147,670
P2028,120.0,43.33333333333334,1800,15.0,0.6,5200.000000000001,0.0036571143791037327,800
P2029,120.0,43.33333333333334,1800,15.0,0.6,5200.000000000001,0.0036571143791037327,800
P2030,120.0,43.33333333333334,1800,15.0,0.6,5200.000000000001,0.0036571143791037327,800
P2031,120.0,43.33333333333334,1800,15.0,1.1,5200.000000000001,0.0036571143791037327,810
P2032,120.0,43.33333333333334,1800,15.0,1.1,5200.000000000001,0.0036571143791037327,810
P2033,120.0,43.33333333333334,1800,15.0,1.1,5200.000000000001,0.0036571143791037327,810
P2034,120.0,43.33333333333334,1800,15.0,1.6,5200.000000000001,0.0036571143791037327,820
P2035,120.0,43.33333333333334,1800,15.0,1.6,5200.000000000001,0.0036571143791037327,820
P2036,120.0,43.33333333333334,1800,15.0,1.6,5200.000000000001,0.0036571143791037327,820
P2172,120.0,60.0,1800,15.0,0.6,7200.0,0.004303314826728621,940
P2173,120.0,60.0,1800,15.0,0.6,7200.0,0.004303314826728621,940
P2174,120.0,60.0,1800,15.0,0.6,7200.0,0.004303314826728621,940
P2175,120.0,60.0,1800,15.0,1.1,7200.0,0.004303314826728621,950
P2176,120.0,60.0,1800,15.0,1.1,7200.0,0.004303314826728621,950
P2177,120.0,60.0,1800,15.0,1.1,7200.0,0.004303314826728621,950
P2178,120.0,60.0,1800,15.0,1.6,7200.0,0.004303314826728621,960
P2179,120.0,60.0,1800,15.0,1.6,7200.0,0.004303314826728621,960
P2180,120.0,60.0,1800,15.0,1.6,7200.0,0.004303314826728621,960
P2424,5.0,60.0,3600,50.0,0.7,300.0,0.0021516574139619936,250
P2425,5.0,60.0,3600,50.0,0.7,300.0,0.0021516574139619936,250
P2426,5.0,60.0,3600,50.0,0.7,300.0,0.0021516574139619936,250
P2427,5.0,60.0,3600,50.0,1.35,300.0,0.0021516574139619936,260
P2428,5.0,60.0,3600,50.0,1.35,300.0,0.0021516574139619936,260
P2429,5.0,60.0,3600,50.0,1.35,300.0,0.0021516574139619936,260
P2430,5.0,60.0,3600,50.0,2.0,300.0,0.0021516574139619936,260
P2431,5.0,60.0,3600,50.0,2.0,300.0,0.0021516574139619936,260
P2432,5.0,60.0,3600,50.0,2.0,300.0,0.0021516574139619936,260
P2568,5.0,123.3333333333333,3600,50.0,0.7,616.6666666666665,0.0030848761563574754,280
P2569,5.0,123.3333333333333,3600,50.0,0.7,616.6666666666665,0.0030848761563574754,280
P2570,5.0,123.3333333333333,3600,50.0,0.7,616.6666666666665,0.0030848761563574754,280
P2571,5.0,123.3333333333333,3600,50.0,1.35,616.6666666666665,0.0030848761563574754,280
P2572,5.0,123.3333333333333,3600,50.0,1.35,616.6666666666665,0.0030848761563574754,280
P2573,5.0,123.3333333333333,3600,50.0,1.35,616.6666666666665,0.0030848761563574754,280
P2574,5.0,123.3333333333333,3600,50.0,2.0,616.6666666666665,0.0030848761563574754,290
P2575,5.0,123.3333333333333,3600,50.0,2.0,616.6666666666665,0.0030848761563574754,290
P2576,5.0,123.3333333333333,3600,50.0,2.0,616.6666666666665,0.0030848761563574754,290
P2712,5.0,186.6666666666667,3600,50.0,0.7,933.3333333333336,0.003795166949301194,330
P2713,5.0,186.6666666666667,3600,50.0,0.7,933.3333333333336,0.003795166949301194,330
P2714,5.0,186.6666666666667,3600,50.0,0.7,933.3333333333336,0.003795166949301194,330
P2715,5.0,186.6666666666667,3600,50.0,1.35,933.3333333333336,0.003795166949301194,340
P2716,5.0,186.6666666666667,3600,50.0,1.35,933.3333333333336,0.003795166949301194,340
P2717,5.0,186.6666666666667,3600,50.0,1.35,933.3333333333336,0.003795166949301194,340
P2718,5.0,186.6666666666667,3600,50.0,2.0,933.3333333333336,0.003795166949301194,340
P2719,5.0,186.6666666666667,3600,50.0,2.0,933.3333333333336,0.003795166949301194,340
P2720,5.0,186.6666666666667,3600,50.0,2.0,933.3333333333336,0.003795166949301194,340
P2856,5.0,250.0,3600,50.0,0.7,1250.0,0.004392052304569401,390
P2857,5.0,250.0,3600,50.0,0.7,1250.0,0.004392052304569401,390
P2858,5.0,250.0,3600,50.0,0.7,1250.0,0.004392052304569401,390
P2859,5.0,250.0,3600,50.0,1.35,1250.0,0.004392052304569401,400
P2860,5.0,250.0,3600,50.0,1.35,1250.0,0.004392052304569401,400
P2861,5.0,250.0,3600,50.0,1.35,1250.0,0.004392052304569401,400
P2862,5.0,250.0,3600,50.0,2.0,1250.0,0.004392052304569401,400
P2863,5.0,250.0,3600,50.0,2.0,1250.0,0.004392052304569401,400
P2864,5.0,250.0,3600,50.0,2.0,1250.0,0.004392052304569401,400
P3000,30.0,60.0,3600,50.0,0.7,1800.0,0.0021516574139619936,250
P3001,30.0,60.0,3600,50.0,0.7,1800.0,0.0021516574139619936,250
P3002,30.0,60.0,3600,50.0,0.7,1800.0,0.0021516574139619936,250
P3003,30.0,60.0,3600,50.0,1.35,1800.0,0.0021516574139619936,260
P3004,30.0,60.0,3600,50.0,1.35,1800.0,0.0021516574139619936,260
P3005,30.0,60.0,3600,50.0,1.35,1800.0,0.0021516574139619936,260
P3006,30.0,60.0,3600,50.0,2.0,1800.0,0.0021516574139619936,260
P3007,30.0,60.0,3600,50.0,2.0,1800.0,0.0021516574139619936,260
P3008,30.0,60.0,3600,50.0,2.0,1800.0,0.0021516574139619936,260
P3144,30.0,123.3333333333333,3600,50.0,0.7,3699.999999999999,0.0030848761563574754,320
P3145,30.0,123.3333333333333,3600,50.0,0.7,3699.999999999999,0.0030848761563574754,320
P3146,30.0,123.3333333333333,3600,50.0,0.7,3699.999999999999,0.0030848761563574754,320
P3147,30.0,123.3333333333333,3600,50.0,1.35,3699.999999999999,0.0030848761563574754,320
P3148,30.0,123.3333333333333,3600,50.0,1.35,3699.999999999999,0.0030848761563574754,320
P3149,30.0,123.3333333333333,3600,50.0,1.35,3699.999999999999,0.0030848761563574754,320
P3150,30.0,123.3333333333333,3600,50.0,2.0,3699.999999999999,0.0030848761563574754,330
P3151,30.0,123.3333333333333,3600,50.0,2.0,3699.999999999999,0.0030848761563574754,330
P3152,30.0,123.3333333333333,3600,50.0,2.0,3699.999999999999,0.0030848761563574754,330
P3288,30.0,186.6666666666667,3600,50.0,0.7,5600.000000000002,0.003795166949301194,370
P3289,30.0,186.6666666666667,3600,50.0,0.7,5600.000000000002,0.003795166949301194,370
P3290,30.0,186.6666666666667,3600,50.0,0.7,5600.000000000002,0.003795166949301194,370
P3291,30.0,186.6666666666667,3600,50.0,1.35,5600.000000000002,0.003795166949301194,380
P3292,30.0,186.6666666666667,3600,50.0,1.35,5600.000000000002,0.003795166949301194,380
P3293,30.0,186.6666666666667,3600,50.0,1.35,5600.000000000002,0.003795166949301194,380
P3294,30.0,186.6666666666667,3600,50.0,2.0,5600.000000000002,0.003795166949301194,380
P3295,30.0,186.6666666666667,3600,50.0,2.0,5600.000000000002,0.003795166949301194,380
P3296,30.0,186.6666666666667,3600,50.0,2.0,5600.000000000002,0.003795166949301194,380
P3432,30.0,250.0,3600,50.0,0.7,7500.0,0.004392052304569401,430
P3433,30.0,250.0,3600,50.0,0.7,7500.0,0.004392052304569401,430
P3434,30.0,250.0,3600,50.0,0.7,7500.0,0.004392052304569401,430
P3435,30.0,250.0,3600,50.0,1.35,7500.0,0.004392052304569401,440
P3436,30.0,250.0,3600,50.0,1.35,7500.0,0.004392052304569401,440
P3437,30.0,250.0,3600,50.0,1.35,7500.0,0.004392052304569401,440
P3438,30.0,250.0,3600,50.0,2.0,7500.0,0.004392052304569401,450
P3439,30.0,250.0,3600,50.0,2.0,7500.0,0.004392052304569401,450
P3440,30.0,250.0,3600,50.0,2.0,7500.0,0.004392052304569401,450
P3576,55.0,60.0,3600,50.0,0.7,3300.0,0.0021516574139619936,290
P3577,55.0,60.0,3600,50.0,0.7,3300.0,0.0021516574139619936,290
P3578,55.0,60.0,3600,50.0,0.7,3300.0,0.0021516574139619936,290
P3579,55.0,60.0,3600,50.0,1.35,3300.0,0.0021516574139619936,300
P3580,55.0,60.0,3600,50.0,1.35,3300.0,0.0021516574139619936,300
P3581,55.0,60.0,3600,50.0,1.35,3300.0,0.0021516574139619936,300
P3582,55.0,60.0,3600,50.0,2.0,3300.0,0.0021516574139619936,300
P3583,55.0,60.0,3600,50.0,2.0,3300.0,0.0021516574139619936,300
P3584,55.0,60.0,3600,50.0,2.0,3300.0,0.0021516574139619936,300
P3720,55.0,123.3333333333333,3600,50.0,0.7,6783.333333333331,0.0030848761563574754,360
P3721,55.0,123.3333333333333,3600,50.0,0.7,6783.333333333331,0.0030848761563574754,360
P3722,55.0,123.3333333333333,3600,50.0,0.7,6783.333333333331,0.0030848761563574754,360
P3723,55.0,123.3333333333333,3600,50.0,1.35,6783.333333333331,0.0030848761563574754,360
P3724,55.0,123.3333333333333,3600,50.0,1.35,6783.333333333331,0.0030848761563574754,360
P3725,55.0,123.3333333333333,3600,50.0,1.35,6783.333333333331,0.0030848761563574754,360
P3726,55.0,123.3333333333333,3600,50.0,2.0,6783.333333333331,0.0030848761563574754,370
P3727,55.0,123.3333333333333,3600,50.0,2.0,6783.333333333331,0.0030848761563574754,370
P3728,55.0,123.3333333333333,3600,50.0,2.0,6783.333333333331,0.0030848761563574754,370
P3864,55.0,186.6666666666667,3600,50.0,0.7,10266.66666666667,0.003795166949301194,420
P3865,55.0,186.6666666666667,3600,50.0,0.7,10266.66666666667,0.003795166949301194,420
P3866,55.0,186.6666666666667,3600,50.0,0.7,10266.66666666667,0.003795166949301194,420
P3867,55.0,186.6666666666667,3600,50.0,1.35,10266.66666666667,0.003795166949301194,430
P3868,55.0,186.6666666666667,3600,50.0,1.35,10266.66666666667,0.003795166949301194,430
P3869,55.0,186.6666666666667,3600,50.0,1.35,10266.66666666667,0.003795166949301194,430
P3870,55.0,186.6666666666667,3600,50.0,2.0,10266.66666666667,0.003795166949301194,440
P3871,55.0,186.6666666666667,3600,50.0,2.0,10266.66666666667,0.003795166949301194,440
P3872,55.0,186.6666666666667,3600,50.0,2.0,10266.66666666667,0.003795166949301194,440
P4008,55.0,250.0,3600,50.0,0.7,13750.0,0.004392052304569401,490
P4009,55.0,250.0,3600,50.0,0.7,13750.0,0.004392052304569401,490
P4010,55.0,250.0,3600,50.0,0.7,13750.0,0.004392052304569401,490
P4011,55.0,250.0,3600,50.0,1.35,13750.0,0.004392052304569401,500
P4012,55.0,250.0,3600,50.0,1.35,13750.0,0.004392052304569401,500
P4013,55.0,250.0,3600,50.0,1.35,13750.0,0.004392052304569401,500
P4014,55.0,250.0,3600,50.0,2.0,13750.0,0.004392052304569401,510
P4015,55.0,250.0,3600,50.0,2.0,13750.0,0.004392052304569401,510
P4016,55.0,250.0,3600,50.0,2.0,13750.0,0.004392052304569401,510
P4152,80.0,60.0,3600,50.0,0.7,4800.0,0.0021516574139619936,320
P4153,80.0,60.0,3600,50.0,0.7,4800.0,0.0021516574139619936,320
P4154,80.0,60.0,3600,50.0,0.7,4800.0,0.0021516574139619936,320
P4155,80.0,60.0,3600,50.0,1.35,4800.0,0.0021516574139619936,320
P4156,80.0,60.0,3600,50.0,1.35,4800.0,0.0021516574139619936,320
P4157,80.0,60.0,3600,50.0,1.35,4800.0,0.0021516574139619936,320
P4158,80.0,60.0,3600,50.0,2.0,4800.0,0.0021516574139619936,330
P4159,80.0,60.0,3600,50.0,2.0,4800.0,0.0021516574139619936,330
P4160,80.0,60.0,3600,50.0,2.0,4800.0,0.0021516574139619936,330
P4296,80.0,123.3333333333333,3600,50.0,0.7,9866.666666666664,0.0030848761563574754,400
P4297,80.0,123.3333333333333,3600,50.0,0.7,9866.666666666664,0.0030848761563574754,400
P4298,80.0,123.3333333333333,3600,50.0,0.7,9866.666666666664,0.0030848761563574754,400
P4299,80.0,123.3333333333333,3600,50.0,1.35,9866.666666666664,0.0030848761563574754,410
P4300,80.0,123.3333333333333,3600,50.0,1.35,9866.666666666664,0.0030848761563574754,410
P4301,80.0,123.3333333333333,3600,50.0,1.35,9866.666666666664,0.0030848761563574754,410
P4302,80.0,123.3333333333333,3600,50.0,2.0,9866.666666666664,0.0030848761563574754,410
P4303,80.0,123.3333333333333,3600,50.0,2.0,9866.666666666664,0.0030848761563574754,410
P4304,80.0,123.3333333333333,3600,50.0,2.0,9866.666666666664,0.0030848761563574754,410
P4440,80.0,186.6666666666667,3600,50.0,0.7,14933.333333333338,0.003795166949301194,470
P4441,80.0,186.6666666666667,3600,50.0,0.7,14933.333333333338,0.003795166949301194,470
P4442,80.0,186.6666666666667,3600,50.0,0.7,14933.333333333338,0.003795166949301194,470
P4443,80.0,186.6666666666667,3600,50.0,1.35,14933.333333333338,0.003795166949301194,480
P4444,80.0,186.6666666666667,3600,50.0,1.35,14933.333333333338,0.003795166949301194,480
P4445,80.0,186.6666666666667,3600,50.0,1.35,14933.333333333338,0.003795166949301194,480
P4446,80.0,186.6666666666667,3600,50.0,2.0,14933.333333333338,0.003795166949301194,490
P4447,80.0,186.6666666666667,3600,50.0,2.0,14933.333333333338,0.003795166949301194,490
P4448,80.0,186.6666666666667,3600,50.0,2.0,14933.333333333338,0.003795166949301194,490
P4584,80.0,250.0,3600,50.0,0.7,20000.0,0.004392052304569401,550
P4585,80.0,250.0,3600,50.0,0.7,20000.0,0.004392052304569401,550
P4586,80.0,250.0,3600,50.0,0.7,20000.0,0.004392052304569401,550
P4587,80.0,250.0,3600,50.0,1.35,20000.0,0.004392052304569401,560
P4588,80.0,250.0,3600,50.0,1.35,20000.0,0.004392052304569401,560
P4589,80.0,250.0,3600,50.0,1.35,20000.0,0.004392052304569401,560
P4590,80.0,250.0,3600,50.0,2.0,20000.0,0.004392052304569401,570
P4591,80.0,250.0,3600,50.0,2.0,20000.0,0.004392052304569401,570
P4592,80.0,250.0,3600,50.0,2.0,20000.0,0.004392052304569401,570
P4692,1.0,250.0,3500,200.0,0.2,250.0,0.004517539513235531,360
P4693,1.0,250.0,3500,200.0,0.2,250.0,0.004517539513235531,360
P4694,1.0,250.0,3500,200.0,0.2,250.0,0.004517539513235531,360
P4695,1.0,250.0,3500,200.0,0.7,250.0,0.004517539513235531,370
P4696,1.0,250.0,3500,200.0,0.7,250.0,0.004517539513235531,370
P4697,1.0,250.0,3500,200.0,0.7,250.0,0.004517539513235531,370
P4698,1.0,250.0,3500,200.0,1.2,250.0,0.004517539513235531,380
P4699,1.0,250.0,3500,200.0,1.2,250.0,0.004517539513235531,380
P4700,1.0,250.0,3500,200.0,1.2,250.0,0.004517539513235531,380
P4728,1.0,250.0,3600,200.0,0.2,250.0,0.004392052304569401,360
P4729,1.0,250.0,3600,200.0,0.2,250.0,0.004392052304569401,360
P4730,1.0,250.0,3600,200.0,0.2,250.0,0.004392052304569401,360
P4731,1.0,250.0,3600,200.0,0.7,250.0,0.004392052304569401,370
P4732,1.0,250.0,3600,200.0,0.7,250.0,0.004392052304569401,370
P4733,1.0,250.0,3600,200.0,0.7,250.0,0.004392052304569401,370
P4734,1.0,250.0,3600,200.0,1.2,250.0,0.004392052304569401,380
P4735,1.0,250.0,3600,200.0,1.2,250.0,0.004392052304569401,380
P4736,1.0,250.0,3600,200.0,1.2,250.0,0.004392052304569401,380
P4836,1.0,550.0,3500,200.0,0.2,550.0,0.006700593940690444,2800
P4837,1.0,550.0,3500,200.0,0.2,550.0,0.006700593940690444,2800
P4838,1.0,550.0,3500,200.0,0.2,550.0,0.006700593940690444,2800
P4839,1.0,550.0,3500,200.0,0.7,550.0,0.006700593940690444,2800
P4840,1.0,550.0,3500,200.0,0.7,550.0,0.006700593940690444,2800
P4841,1.0,550.0,3500,200.0,0.7,550.0,0.006700593940690444,2800
P4842,1.0,550.0,3500,200.0,1.2,550.0,0.006700593940690444,2800
P4843,1.0,550.0,3500,200.0,1.2,550.0,0.006700593940690444,2800
P4844,1.0,550.0,3500,200.0,1.2,550.0,0.006700593940690444,2800
P4872,1.0,550.0,3600,200.0,0.2,550.0,0.006514466331278524,2800
P4873,1.0,550.0,3600,200.0,0.2,550.0,0.006514466331278524,2800
P4874,1.0,550.0,3600,200.0,0.2,550.0,0.006514466331278524,2800
P4875,1.0,550.0,3600,200.0,0.7,550.0,0.006514466331278524,2800
P4876,1.0,550.0,3600,200.0,0.7,550.0,0.006514466331278524,2800
P4877,1.0,550.0,3600,200.0,0.7,550.0,0.006514466331278524,2800
P4878,1.0,550.0,3600,200.0,1.2,550.0,0.006514466331278524,2800
P4879,1.0,550.0,3600,200.0,1.2,550.0,0.006514466331278524,2800
P4880,1.0,550.0,3600,200.0,1.2,550.0,0.006514466331278524,2800
P4980,1.0,850.0,3500,200.0,0.2,850.0,0.008329931275970448,3500
P4981,1.0,850.0,3500,200.0,0.2,850.0,0.008329931275970448,3500
P4982,1.0,850.0,3500,200.0,0.2,850.0,0.008329931275970448,3500
P4983,1.0,850.0,3500,200.0,0.7,850.0,0.008329931275970448,3500
P4984,1.0,850.0,3500,200.0,0.7,850.0,0.008329931275970448,3500
P4985,1.0,850.0,3500,200.0,0.7,850.0,0.008329931275970448,3500
P4986,1.0,850.0,3500,200.0,1.2,850.0,0.008329931275970448,3500
P4987,1.0,850.0,3500,200.0,1.2,850.0,0.008329931275970448,3500
P4988,1.0,850.0,3500,200.0,1.2,850.0,0.008329931275970448,3500
P5016,1.0,850.0,3600,200.0,0.2,850.0,0.008098544296146655,3500
P5017,1.0,850.0,3600,200.0,0.2,850.0,0.008098544296146655,3500
P5018,1.0,850.0,3600,200.0,0.2,850.0,0.008098544296146655,3500
P5019,1.0,850.0,3600,200.0,0.7,850.0,0.008098544296146655,3500
P5020,1.0,850.0,3600,200.0,0.7,850.0,0.008098544296146655,3500
P5021,1.0,850.0,3600,200.0,0.7,850.0,0.008098544296146655,3500
P5022,1.0,850.0,3600,200.0,1.2,850.0,0.008098544296146655,3500
P5023,1.0,850.0,3600,200.0,1.2,850.0,0.008098544296146655,3500
P5024,1.0,850.0,3600,200.0,1.2,850.0,0.008098544296146655,3500
P5124,1.0,1150.0,3500,200.0,0.2,1150.0,0.009689042830267799,4200
P5125,1.0,1150.0,3500,200.0,0.2,1150.0,0.009689042830267799,4200
P5126,1.0,1150.0,3500,200.0,0.2,1150.0,0.009689042830267799,4200
P5127,1.0,1150.0,3500,200.0,0.7,1150.0,0.009689042830267799,4200
P5128,1.0,1150.0,3500,200.0,0.7,1150.0,0.009689042830267799,4200
P5129,1.0,1150.0,3500,200.0,0.7,1150.0,0.009689042830267799,4200
P5130,1.0,1150.0,3500,200.0,1.2,1150.0,0.009689042830267799,4200
P5131,1.0,1150.0,3500,200.0,1.2,1150.0,0.009689042830267799,4200
P5132,1.0,1150.0,3500,200.0,1.2,1150.0,0.009689042830267799,4200
P5160,1.0,1150.0,3600,200.0,0.2,1150.0,0.00941990275172401,4200
P5161,1.0,1150.0,3600,200.0,0.2,1150.0,0.00941990275172401,4200
P5162,1.0,1150.0,3600,200.0,0.2,1150.0,0.00941990275172401,4200
P5163,1.0,1150.0,3600,200.0,0.7,1150.0,0.00941990275172401,4200
P5164,1.0,1150.0,3600,200.0,0.7,1150.0,0.00941990275172401,4200
P5165,1.0,1150.0,3600,200.0,0.7,1150.0,0.00941990275172401,4200
P5166,1.0,1150.0,3600,200.0,1.2,1150.0,0.00941990275172401,4200
P5167,1.0,1150.0,3600,200.0,1.2,1150.0,0.00941990275172401,4200
P5168,1.0,1150.0,3600,200.0,1.2,1150.0,0.00941990275172401,4200
P5268,7.0,250.0,3500,200.0,0.2,1750.0,0.004517539513235531,380
P5269,7.0,250.0,3500,200.0,0.2,1750.0,0.004517539513235531,380
P5270,7.0,250.0,3500,200.0,0.2,1750.0,0.004517539513235531,380
P5271,7.0,250.0,3500,200.0,0.7,1750.0,0.004517539513235531,390
P5272,7.0,250.0,3500,200.0,0.7,1750.0,0.004517539513235531,390
P5273,7.0,250.0,3500,200.0,0.7,1750.0,0.004517539513235531,390
P5274,7.0,250.0,3500,200.0,1.2,1750.0,0.004517539513235531,400
P5275,7.0,250.0,3500,200.0,1.2,1750.0,0.004517539513235531,400
P5276,7.0,250.0,3500,200.0,1.2,1750.0,0.004517539513235531,400
P5304,7.0,250.0,3600,200.0,0.2,1750.0,0.004392052304569401,380
P5305,7.0,250.0,3600,200.0,0.2,1750.0,0.004392052304569401,380
P5306,7.0,250.0,3600,200.0,0.2,1750.0,0.004392052304569401,380
P5307,7.0,250.0,3600,200.0,0.7,1750.0,0.004392052304569401,390
P5308,7.0,250.0,3600,200.0,0.7,1750.0,0.004392052304569401,390
P5309,7.0,250.0,3600,200.0,0.7,1750.0,0.004392052304569401,390
P5310,7.0,250.0,3600,200.0,1.2,1750.0,0.004392052304569401,400
P5311,7.0,250.0,3600,200.0,1.2,1750.0,0.004392052304569401,400
P5312,7.0,250.0,3600,200.0,1.2,1750.0,0.004392052304569401,400
P5412,7.0,550.0,3500,200.0,0.2,3850.0,0.006700593940690444,2800
P5413,7.0,550.0,3500,200.0,0.2,3850.0,0.006700593940690444,2800
P5414,7.0,550.0,3500,200.0,0.2,3850.0,0.006700593940690444,2800
P5415,7.0,550.0,3500,200.0,0.7,3850.0,0.006700593940690444,2800
P5416,7.0,550.0,3500,200.0,0.7,3850.0,0.006700593940690444,2800
P5417,7.0,550.0,3500,200.0,0.7,3850.0,0.006700593940690444,2800
P5418,7.0,550.0,3500,200.0,1.2,3850.0,0.006700593940690444,2800
P5419,7.0,550.0,3500,200.0,1.2,3850.0,0.006700593940690444,2800
P5420,7.0,550.0,3500,200.0,1.2,3850.0,0.006700593940690444,2800
P5448,7.0,550.0,3600,200.0,0.2,3850.0,0.006514466331278524,2800
P5449,7.0,550.0,3600,200.0,0.2,3850.0,0.006514466331278524,2800
P5450,7.0,550.0,3600,200.0,0.2,3850.0,0.006514466331278524,2800
P5451,7.0,550.0,3600,200.0,0.7,3850.0,0.006514466331278524,2800
P5452,7.0,550.0,3600,200.0,0.7,3850.0,0.006514466331278524,2800
P5453,7.0,550.0,3600,200.0,0.7,3850.0,0.006514466331278524,2800
P5454,7.0,550.0,3600,200.0,1.2,3850.0,0.006514466331278524,2800
P5455,7.0,550.0,3600,200.0,1.2,3850.0,0.006514466331278524,2800
P5456,7.0,550.0,3600,200.0,1.2,3850.0,0.006514466331278524,2800
P5556,7.0,850.0,3500,200.0,0.2,5950.0,0.008329931275970448,3500
P5557,7.0,850.0,3500,200.0,0.2,5950.0,0.008329931275970448,3500
P5558,7.0,850.0,3500,200.0,0.2,5950.0,0.008329931275970448,3500
P5559,7.0,850.0,3500,200.0,0.7,5950.0,0.008329931275970448,3500
P5560,7.0,850.0,3500,200.0,0.7,5950.0,0.008329931275970448,3500
P5561,7.0,850.0,3500,200.0,0.7,5950.0,0.008329931275970448,3500
P5562,7.0,850.0,3500,200.0,1.2,5950.0,0.008329931275970448,3500
P5563,7.0,850.0,3500,200.0,1.2,5950.0,0.008329931275970448,3500
P5564,7.0,850.0,3500,200.0,1.2,5950.0,0.008329931275970448,3500
P5592,7.0,850.0,3600,200.0,0.2,5950.0,0.008098544296146655,3500
P5593,7.0,850.0,3600,200.0,0.2,5950.0,0.008098544296146655,3500
P5594,7.0,850.0,3600,200.0,0.2,5950.0,0.008098544296146655,3500
P5595,7.0,850.0,3600,200.0,0.7,5950.0,0.008098544296146655,3500
P5596,7.0,850.0,3600,200.0,0.7,5950.0,0.008098544296146655,3500
P5597,7.0,850.0,3600,200.0,0.7,5950.0,0.008098544296146655,3500
P5598,7.0,850.0,3600,200.0,1.2,5950.0,0.008098544296146655,3500
P5599,7.0,850.0,3600,200.0,1.2,5950.0,0.008098544296146655,3500
P5600,7.0,850.0,3600,200.0,1.2,5950.0,0.008098544296146655,3500
P5700,7.0,1150.0,3500,200.0,0.2,8050.0,0.009689042830267799,4200
P5701,7.0,1150.0,3500,200.0,0.2,8050.0,0.009689042830267799,4200
P5702,7.0,1150.0,3500,200.0,0.2,8050.0,0.009689042830267799,4200
P5703,7.0,1150.0,3500,200.0,0.7,8050.0,0.009689042830267799,4200
P5704,7.0,1150.0,3500,200.0,0.7,8050.0,0.009689042830267799,4200
P5705,7.0,1150.0,3500,200.0,0.7,8050.0,0.009689042830267799,4200
P5706,7.0,1150.0,3500,200.0,1.2,8050.0,0.009689042830267799,4200
P5707,7.0,1150.0,3500,200.0,1.2,8050.0,0.009689042830267799,4200
P5708,7.0,1150.0,3500,200.0,1.2,8050.0,0.009689042830267799,4200
P5736,7.0,1150.0,3600,200.0,0.2,8050.0,0.00941990275172401,4200
P5737,7.0,1150.0,3600,200.0,0.2,8050.0,0.00941990275172401,4200
P5738,7.0,1150.0,3600,200.0,0.2,8050.0,0.00941990275172401,4200
P5739,7.0,1150.0,3600,200.0,0.7,8050.0,0.00941990275172401,4200
P5740,7.0,1150.0,3600,200.0,0.7,8050.0,0.00941990275172401,4200
P5741,7.0,1150.0,3600,200.0,0.7,8050.0,0.00941990275172401,4200
P5742,7.0,1150.0,3600,200.0,1.2,8050.0,0.00941990275172401,4200
P5743,7.0,1150.0,3600,200.0,1.2,8050.0,0.00941990275172401,4200
P5744,7.0,1150.0,3600,200.0,1.2,8050.0,0.00941990275172401,4200
P5844,13.0,250.0,3500,200.0,0.2,3250.0,0.004517539513235531,390
P5845,13.0,250.0,3500,200.0,0.2,3250.0,0.004517539513235531,390
P5846,13.0,250.0,3500,200.0,0.2,3250.0,0.004517539513235531,390
P5847,13.0,250.0,3500,200.0,0.7,3250.0,0.004517539513235531,400
P5848,13.0,250.0,3500,200.0,0.7,3250.0,0.004517539513235531,400
P5849,13.0,250.0,3500,200.0,0.7,3250.0,0.004517539513235531,400
P5850,13.0,250.0,3500,200.0,1.2,3250.0,0.004517539513235531,410
P5851,13.0,250.0,3500,200.0,1.2,3250.0,0.004517539513235531,410
P5852,13.0,250.0,3500,200.0,1.2,3250.0,0.004517539513235531,410
P5880,13.0,250.0,3600,200.0,0.2,3250.0,0.004392052304569401,390
P5881,13.0,250.0,3600,200.0,0.2,3250.0,0.004392052304569401,390
P5882,13.0,250.0,3600,200.0,0.2,3250.0,0.004392052304569401,390
P5883,13.0,250.0,3600,200.0,0.7,3250.0,0.004392052304569401,400
P5884,13.0,250.0,3600,200.0,0.7,3250.0,0.004392052304569401,400
P5885,13.0,250.0,3600,200.0,0.7,3250.0,0.004392052304569401,400
P5886,13.0,250.0,3600,200.0,1.2,3250.0,0.004392052304569401,410
P5887,13.0,250.0,3600,200.0,1.2,3250.0,0.004392052304569401,410
P5888,13.0,250.0,3600,200.0,1.2,3250.0,0.004392052304569401,410
P5988,13.0,550.0,3500,200.0,0.2,7150.0,0.006700593940690444,2900
P5989,13.0,550.0,3500,200.0,0.2,7150.0,0.006700593940690444,2900
P5990,13.0,550.0,3500,200.0,0.2,7150.0,0.006700593940690444,2900
P5991,13.0,550.0,3500,200.0,0.7,7150.0,0.006700593940690444,2900
P5992,13.0,550.0,3500,200.0,0.7,7150.0,0.006700593940690444,2900
P5993,13.0,550.0,3500,200.0,0.7,7150.0,0.006700593940690444,2900
P5994,13.0,550.0,3500,200.0,1.2,7150.0,0.006700593940690444,2900
P5995,13.0,550.0,3500,200.0,1.2,7150.0,0.006700593940690444,2900
P5996,13.0,550.0,3500,200.0,1.2,7150.0,0.006700593940690444,2900
P6024,13.0,550.0,3600,200.0,0.2,7150.0,0.006514466331278524,2900
P6025,13.0,550.0,3600,200.0,0.2,7150.0,0.006514466331278524,2900
P6026,13.0,550.0,3600,200.0,0.2,7150.0,0.006514466331278524,2900
P6027,13.0,550.0,3600,200.0,0.7,7150.0,0.006514466331278524,2900
P6028,13.0,550.0,3600,200.0,0.7,7150.0,0.006514466331278524,2900
P6029,13.0,550.0,3600,200.0,0.7,7150.0,0.006514466331278524,2900
P6030,13.0,550.0,3600,200.0,1.2,7150.0,0.006514466331278524,2900
P6031,13.0,550.0,3600,200.0,1.2,7150.0,0.006514466331278524,2900
P6032,13.0,550.0,3600,200.0,1.2,7150.0,0.006514466331278524,2900
P6132,13.0,850.0,3500,200.0,0.2,11050.0,0.008329931275970448,3600
P6133,13.0,850.0,3500,200.0,0.2,11050.0,0.008329931275970448,3600
P6134,13.0,850.0,3500,200.0,0.2,11050.0,0.008329931275970448,3600
P6135,13.0,850.0,3500,200.0,0.7,11050.0,0.008329931275970448,3600
P6136,13.0,850.0,3500,200.0,0.7,11050.0,0.008329931275970448,3600
P6137,13.0,850.0,3500,200.0,0.7,11050.0,0.008329931275970448,3600
P6138,13.0,850.0,3500,200.0,1.2,11050.0,0.008329931275970448,3600
P6139,13.0,850.0,3500,200.0,1.2,11050.0,0.008329931275970448,3600
P6140,13.0,850.0,3500,200.0,1.2,11050.0,0.008329931275970448,3600
P6168,13.0,850.0,3600,200.0,0.2,11050.0,0.008098544296146655,3600
P6169,13.0,850.0,3600,200.0,0.2,11050.0,0.008098544296146655,3600
P6170,13.0,850.0,3600,200.0,0.2,11050.0,0.008098544296146655,3600
P6171,13.0,850.0,3600,200.0,0.7,11050.0,0.008098544296146655,3600
P6172,13.0,850.0,3600,200.0,0.7,11050.0,0.008098544296146655,3600
P6173,13.0,850.0,3600,200.0,0.7,11050.0,0.008098544296146655,3600
P6174,13.0,850.0,3600,200.0,1.2,11050.0,0.008098544296146655,3600
P6175,13.0,850.0,3600,200.0,1.2,11050.0,0.008098544296146655,3600
P6176,13.0,850.0,3600,200.0,1.2,11050.0,0.008098544296146655,3600
P6276,13.0,1150.0,3500,200.0,0.2,14950.0,0.009689042830267799,4300
P6277,13.0,1150.0,3500,200.0,0.2,14950.0,0.009689042830267799,4300
P6278,13.0,1150.0,3500,200.0,0.2,14950.0,0.009689042830267799,4300
P6279,13.0,1150.0,3500,200.0,0.7,14950.0,0.009689042830267799,4300
P6280,13.0,1150.0,3500,200.0,0.7,14950.0,0.009689042830267799,4300
P6281,13.0,1150.0,3500,200.0,0.7,14950.0,0.009689042830267799,4300
P6282,13.0,1150.0,3500,200.0,1.2,14950.0,0.009689042830267799,4300
P6283,13.0,1150.0,3500,200.0,1.2,14950.0,0.009689042830267799,4300
P6284,13.0,1150.0,3500,200.0,1.2,14950.0,0.009689042830267799,4300
P6312,13.0,1150.0,3600,200.0,0.2,14950.0,0.00941990275172401,4300
P6313,13.0,1150.0,3600,200.0,0.2,14950.0,0.00941990275172401,4300
P6314,13.0,1150.0,3600,200.0,0.2,14950.0,0.00941990275172401,4300
P6315,13.0,1150.0,3600,200.0,0.7,14950.0,0.00941990275172401,4300
P6316,13.0,1150.0,3600,200.0,0.7,14950.0,0.00941990275172401,4300
P6317,13.0,1150.0,3600,200.0,0.7,14950.0,0.00941990275172401,4300
P6318,13.0,1150.0,3600,200.0,1.2,14950.0,0.00941990275172401,4300
P6319,13.0,1150.0,3600,200.0,1.2,14950.0,0.00941990275172401,4300
P6320,13.0,1150.0,3600,200.0,1.2,14950.0,0.00941990275172401,4300
P6420,19.0,250.0,3500,200.0,0.2,4750.0,0.004517539513235531,400
P6421,19.0,250.0,3500,200.0,0.2,4750.0,0.004517539513235531,400
P6422,19.0,250.0,3500,200.0,0.2,4750.0,0.004517539513235531,400
P6423,19.0,250.0,3500,200.0,0.7,4750.0,0.004517539513235531,410
P6424,19.0,250.0,3500,200.0,0.7,4750.0,0.004517539513235531,410
P6425,19.0,250.0,3500,200.0,0.7,4750.0,0.004517539513235531,410
P6426,19.0,250.0,3500,200.0,1.2,4750.0,0.004517539513235531,420
P6427,19.0,250.0,3500,200.0,1.2,4750.0,0.004517539513235531,420
P6428,19.0,250.0,3500,200.0,1.2,4750.0,0.004517539513235531,420
P6456,19.0,250.0,3600,200.0,0.2,4750.0,0.004392052304569401,400
P6457,19.0,250.0,3600,200.0,0.2,4750.0,0.004392052304569401,400
P6458,19.0,250.0,3600,200.0,0.2,4750.0,0.004392052304569401,400
P6459,19.0,250.0,3600,200.0,0.7,4750.0,0.004392052304569401,410
P6460,19.0,250.0,3600,200.0,0.7,4750.0,0.004392052304569401,410
P6461,19.0,250.0,3600,200.0,0.7,4750.0,0.004392052304569401,410
P6462,19.0,250.0,3600,200.0,1.2,4750.0,0.004392052304569401,420
P6463,19.0,250.0,3600,200.0,1.2,4750.0,0.004392052304569401,420
P6464,19.0,250.0,3600,200.0,1.2,4750.0,0.004392052304569401,420
P6564,19.0,550.0,3500,200.0,0.2,10450.0,0.006700593940690444,2900
P6565,19.0,550.0,3500,200.0,0.2,10450.0,0.006700593940690444,2900
P6566,19.0,550.0,3500,200.0,0.2,10450.0,0.006700593940690444,2900
P6567,19.0,550.0,3500,200.0,0.7,10450.0,0.006700593940690444,3000
P6568,19.0,550.0,3500,200.0,0.7,10450.0,0.006700593940690444,3000
P6569,19.0,550.0,3500,200.0,0.7,10450.0,0.006700593940690444,3000
P6570,19.0,550.0,3500,200.0,1.2,10450.0,0.006700593940690444,3000
P6571,19.0,550.0,3500,200.0,1.2,10450.0,0.006700593940690444,3000
P6572,19.0,550.0,3500,200.0,1.2,10450.0,0.006700593940690444,3000
P6600,19.0,550.0,3600,200.0,0.2,10450.0,0.006514466331278524,2900
P6601,19.0,550.0,3600,200.0,0.2,10450.0,0.006514466331278524,2900
P6602,19.0,550.0,3600,200.0,0.2,10450.0,0.006514466331278524,2900
P6603,19.0,550.0,3600,200.0,0.7,10450.0,0.006514466331278524,3000
P6604,19.0,550.0,3600,200.0,0.7,10450.0,0.006514466331278524,3000
P6605,19.0,550.0,3600,200.0,0.7,10450.0,0.006514466331278524,3000
P6606,19.0,550.0,3600,200.0,1.2,10450.0,0.006514466331278524,3000
P6607,19.0,550.0,3600,200.0,1.2,10450.0,0.006514466331278524,3000
P6608,19.0,550.0,3600,200.0,1.2,10450.0,0.006514466331278524,3000
P6708,19.0,850.0,3500,200.0,0.2,16150.0,0.008329931275970448,3600
P6709,19.0,850.0,3500,200.0,0.2,16150.0,0.008329931275970448,3600
P6710,19.0,850.0,3500,200.0,0.2,16150.0,0.008329931275970448,3600
P6711,19.0,850.0,3500,200.0,0.7,16150.0,0.008329931275970448,3700
P6712,19.0,850.0,3500,200.0,0.7,16150.0,0.008329931275970448,3700
P6713,19.0,850.0,3500,200.0,0.7,16150.0,0.008329931275970448,3700
P6714,19.0,850.0,3500,200.0,1.2,16150.0,0.008329931275970448,3700
P6715,19.0,850.0,3500,200.0,1.2,16150.0,0.008329931275970448,3700
P6716,19.0,850.0,3500,200.0,1.2,16150.0,0.008329931275970448,3700
P6744,19.0,850.0,3600,200.0,0.2,16150.0,0.008098544296146655,3600
P6745,19.0,850.0,3600,200.0,0.2,16150.0,0.008098544296146655,3600
P6746,19.0,850.0,3600,200.0,0.2,16150.0,0.008098544296146655,3600
P6747,19.0,850.0,3600,200.0,0.7,16150.0,0.008098544296146655,3700
P6748,19.0,850.0,3600,200.0,0.7,16150.0,0.008098544296146655,3700
P6749,19.0,850.0,3600,200.0,0.7,16150.0,0.008098544296146655,3700
P6750,19.0,850.0,3600,200.0,1.2,16150.0,0.008098544296146655,3700
P6751,19.0,850.0,3600,200.0,1.2,16150.0,0.008098544296146655,3700
P6752,19.0,850.0,3600,200.0,1.2,16150.0,0.008098544296146655,3700
P6852,19.0,1150.0,3500,200.0,0.2,21850.0,0.009689042830267799,4300
P6853,19.0,1150.0,3500,200.0,0.2,21850.0,0.009689042830267799,4300
P6854,19.0,1150.0,3500,200.0,0.2,21850.0,0.009689042830267799,4300
P6855,19.0,1150.0,3500,200.0,0.7,21850.0,0.009689042830267799,4400
P6856,19.0,1150.0,3500,200.0,0.7,21850.0,0.009689042830267799,4400
P6857,19.0,1150.0,3500,200.0,0.7,21850.0,0.009689042830267799,4400
P6858,19.0,1150.0,3500,200.0,1.2,21850.0,0.009689042830267799,4400
P6859,19.0,1150.0,3500,200.0,1.2,21850.0,0.009689042830267799,4400
P6860,19.0,1150.0,3500,200.0,1.2,21850.0,0.009689042830267799,4400
P6888,19.0,1150.0,3600,200.0,0.2,21850.0,0.00941990275172401,4300
P6889,19.0,1150.0,3600,200.0,0.2,21850.0,0.00941990275172401,4300
P6890,19.0,1150.0,3600,200.0,0.2,21850.0,0.00941990275172401,4300
P6891,19.0,1150.0,3600,200.0,0.7,21850.0,0.00941990275172401,4400
P6892,19.0,1150.0,3600,200.0,0.7,21850.0,0.00941990275172401,4400
P6893,19.0,1150.0,3600,200.0,0.7,21850.0,0.00941990275172401,4400
P6894,19.0,1150.0,3600,200.0,1.2,21850.0,0.00941990275172401,4400
P6895,19.0,1150.0,3600,200.0,1.2,21850.0,0.00941990275172401,4400
P6896,19.0,1150.0,3600,200.0,1.2,21850.0,0.00941990275172401,4400
P6996,25.0,250.0,3500,200.0,0.2,6250.0,0.004517539513235531,410
P6997,25.0,250.0,3500,200.0,0.2,6250.0,0.004517539513235531,410
P6998,25.0,250.0,3500,200.0,0.2,6250.0,0.004517539513235531,410
P6999,25.0,250.0,3500,200.0,0.7,6250.0,0.004517539513235531,420
P7000,25.0,250.0,3500,200.0,0.7,6250.0,0.004517539513235531,420
P7001,25.0,250.0,3500,200.0,0.7,6250.0,0.004517539513235531,420
P7002,25.0,250.0,3500,200.0,1.2,6250.0,0.004517539513235531,430
P7003,25.0,250.0,3500,200.0,1.2,6250.0,0.004517539513235531,430
P7004,25.0,250.0,3500,200.0,1.2,6250.0,0.004517539513235531,430
P7032,25.0,250.0,3600,200.0,0.2,6250.0,0.004392052304569401,410
P7033,25.0,250.0,3600,200.0,0.2,6250.0,0.004392052304569401,410
P7034,25.0,250.0,3600,200.0,0.2,6250.0,0.004392052304569401,410
P7035,25.0,250.0,3600,200.0,0.7,6250.0,0.004392052304569401,420
P7036,25.0,250.0,3600,200.0,0.7,6250.0,0.004392052304569401,420
P7037,25.0,250.0,3600,200.0,0.7,6250.0,0.004392052304569401,420
P7038,25.0,250.0,3600,200.0,1.2,6250.0,0.004392052304569401,430
P7039,25.0,250.0,3600,200.0,1.2,6250.0,0.004392052304569401,430
P7040,25.0,250.0,3600,200.0,1.2,6250.0,0.004392052304569401,430
P7140,25.0,550.0,3500,200.0,0.2,13750.0,0.006700593940690444,3000
P7141,25.0,550.0,3500,200.0,0.2,13750.0,0.006700593940690444,3000
P7142,25.0,550.0,3500,200.0,0.2,13750.0,0.006700593940690444,3000
P7143,25.0,550.0,3500,200.0,0.7,13750.0,0.006700593940690444,3100
P7144,25.0,550.0,3500,200.0,0.7,13750.0,0.006700593940690444,3100
P7145,25.0,550.0,3500,200.0,0.7,13750.0,0.006700593940690444,3100
P7146,25.0,550.0,3500,200.0,1.2,13750.0,0.006700593940690444,3100
P7147,25.0,550.0,3500,200.0,1.2,13750.0,0.006700593940690444,3100
P7148,25.0,550.0,3500,200.0,1.2,13750.0,0.006700593940690444,3100
P7176,25.0,550.0,3600,200.0,0.2,13750.0,0.006514466331278524,3000
P7177,25.0,550.0,3600,200.0,0.2,13750.0,0.006514466331278524,3000
P7178,25.0,550.0,3600,200.0,0.2,13750.0,0.006514466331278524,3000
P7179,25.0,550.0,3600,200.0,0.7,13750.0,0.006514466331278524,3100
P7180,25.0,550.0,3600,200.0,0.7,13750.0,0.006514466331278524,3100
P7181,25.0,550.0,3600,200.0,0.7,13750.0,0.006514466331278524,3100
P7182,25.0,550.0,3600,200.0,1.2,13750.0,0.006514466331278524,3100
P7183,25.0,550.0,3600,200.0,1.2,13750.0,0.006514466331278524,3100
P7184,25.0,550.0,3600,200.0,1.2,13750.0,0.006514466331278524,3100
P7284,25.0,850.0,3500,200.0,0.2,21250.0,0.008329931275970448,3800
P7285,25.0,850.0,3500,200.0,0.2,21250.0,0.008329931275970448,3800
P7286,25.0,850.0,3500,200.0,0.2,21250.0,0.008329931275970448,3800
P7287,25.0,850.0,3500,200.0,0.7,21250.0,0.008329931275970448,3800
P7288,25.0,850.0,3500,200.0,0.7,21250.0,0.008329931275970448,3800
P7289,25.0,850.0,3500,200.0,0.7,21250.0,0.008329931275970448,3800
P7290,25.0,850.0,3500,200.0,1.2,21250.0,0.008329931275970448,3800
P7291,25.0,850.0,3500,200.0,1.2,21250.0,0.008329931275970448,3800
P7292,25.0,850.0,3500,200.0,1.2,21250.0,0.008329931275970448,3800
P7320,25.0,850.0,3600,200.0,0.2,21250.0,0.008098544296146655,3800
P7321,25.0,850.0,3600,200.0,0.2,21250.0,0.008098544296146655,3800
P7322,25.0,850.0,3600,200.0,0.2,21250.0,0.008098544296146655,3800
P7323,25.0,850.0,3600,200.0,0.7,21250.0,0.008098544296146655,3800
P7324,25.0,850.0,3600,200.0,0.7,21250.0,0.008098544296146655,3800
P7325,25.0,850.0,3600,200.0,0.7,21250.0,0.008098544296146655,3800
P7326,25.0,850.0,3600,200.0,1.2,21250.0,0.008098544296146655,3800
P7327,25.0,850.0,3600,200.0,1.2,21250.0,0.008098544296146655,3800
P7328,25.0,850.0,3600,200.0,1.2,21250.0,0.008098544296146655,3800
P7428,25.0,1150.0,3500,200.0,0.2,28750.0,0.009689042830267799,4500
P7429,25.0,1150.0,3500,200.0,0.2,28750.0,0.009689042830267799,4500
P7430,25.0,1150.0,3500,200.0,0.2,28750.0,0.009689042830267799,4500
P7431,25.0,1150.0,3500,200.0,0.7,28750.0,0.009689042830267799,4500
P7432,25.0,1150.0,3500,200.0,0.7,28750.0,0.009689042830267799,4500
P7433,25.0,1150.0,3500,200.0,0.7,28750.0,0.009689042830267799,4500
P7434,25.0,1150.0,3500,200.0,1.2,28750.0,0.009689042830267799,4500
P7435,25.0,1150.0,3500,200.0,1.2,28750.0,0.009689042830267799,4500
P7436,25.0,1150.0,3500,200.0,1.2,28750.0,0.009689042830267799,4500
P7464,25.0,1150.0,3600,200.0,0.2,28750.0,0.00941990275172401,4500
P7465,25.0,1150.0,3600,200.0,0.2,28750.0,0.00941990275172401,4500
P7466,25.0,1150.0,3600,200.0,0.2,28750.0,0.00941990275172401,4500
P7467,25.0,1150.0,3600,200.0,0.7,28750.0,0.00941990275172401,4500
P7468,25.0,1150.0,3600,200.0,0.7,28750.0,0.00941990275172401,4500
P7469,25.0,1150.0,3600,200.0,0.7,28750.0,0.00941990275172401,4500
P7470,25.0,1150.0,3600,200.0,1.2,28750.0,0.00941990275172401,4500
P7471,25.0,1150.0,3600,200.0,1.2,28750.0,0.00941990275172401,4500
P7472,25.0,1150.0,3600,200.0,1.2,28750.0,0.00941990275172401,4500
P7500,80.0,10.0,1800,100.0,0.95,800.0,0.0017568209213397546,410
P7501,80.0,10.0,1800,100.0,0.95,800.0,0.0017568209213397546,410
P7502,80.0,10.0,1800,100.0,0.95,800.0,0.0017568209213397546,410
P7503,80.0,10.0,1800,100.0,1.125,800.0,0.0017568209213397546,410
P7504,80.0,10.0,1800,100.0,1.125,800.0,0.0017568209213397546,410
P7505,80.0,10.0,1800,100.0,1.125,800.0,0.0017568209213397546,410
P7506,80.0,10.0,1800,100.0,1.3,800.0,0.0017568209213397546,410
P7507,80.0,10.0,1800,100.0,1.3,800.0,0.0017568209213397546,410
P7508,80.0,10.0,1800,100.0,1.3,800.0,0.0017568209213397546,410
P7608,80.0,10.0,3000,100.0,0.95,800.0,0.0010540925530380958,280
P7609,80.0,10.0,3000,100.0,0.95,800.0,0.0010540925530380958,280
P7610,80.0,10.0,3000,100.0,0.95,800.0,0.0010540925530380958,280
P7611,80.0,10.0,3000,100.0,1.125,800.0,0.0010540925530380958,290
P7612,80.0,10.0,3000,100.0,1.125,800.0,0.0010540925530380958,290
P7613,80.0,10.0,3000,100.0,1.125,800.0,0.0010540925530380958,290
P7614,80.0,10.0,3000,100.0,1.3,800.0,0.0010540925530380958,290
P7615,80.0,10.0,3000,100.0,1.3,800.0,0.0010540925530380958,290
P7616,80.0,10.0,3000,100.0,1.3,800.0,0.0010540925530380958,290
P7644,80.0,33.33333333333333,1800,100.0,0.95,2666.666666666666,0.0032075014937159754,570
P7645,80.0,33.33333333333333,1800,100.0,0.95,2666.666666666666,0.0032075014937159754,570
P7646,80.0,33.33333333333333,1800,100.0,0.95,2666.666666666666,0.0032075014937159754,570
P7647,80.0,33.33333333333333,1800,100.0,1.125,2666.666666666666,0.0032075014937159754,570
P7648,80.0,33.33333333333333,1800,100.0,1.125,2666.666666666666,0.0032075014937159754,570
P7649,80.0,33.33333333333333,1800,100.0,1.125,2666.666666666666,0.0032075014937159754,570
P7650,80.0,33.33333333333333,1800,100.0,1.3,2666.666666666666,0.0032075014937159754,570
P7651,80.0,33.33333333333333,1800,100.0,1.3,2666.666666666666,0.0032075014937159754,570
P7652,80.0,33.33333333333333,1800,100.0,1.3,2666.666666666666,0.0032075014937159754,570
P7752,80.0,33.33333333333333,3000,100.0,0.95,2666.666666666666,0.0019245008966572521,290
P7753,80.0,33.33333333333333,3000,100.0,0.95,2666.666666666666,0.0019245008966572521,290
P7754,80.0,33.33333333333333,3000,100.0,0.95,2666.666666666666,0.0019245008966572521,290
P7755,80.0,33.33333333333333,3000,100.0,1.125,2666.666666666666,0.0019245008966572521,300
P7756,80.0,33.33333333333333,3000,100.0,1.125,2666.666666666666,0.0019245008966572521,300
P7757,80.0,33.33333333333333,3000,100.0,1.125,2666.666666666666,0.0019245008966572521,300
P7758,80.0,33.33333333333333,3000,100.0,1.3,2666.666666666666,0.0019245008966572521,300
P7759,80.0,33.33333333333333,3000,100.0,1.3,2666.666666666666,0.0019245008966572521,300
P7760,80.0,33.33333333333333,3000,100.0,1.3,2666.666666666666,0.0019245008966572521,300
P7788,80.0,56.66666666666666,1800,100.0,0.95,4533.333333333332,0.004182070290504855,740
P7789,80.0,56.66666666666666,1800,100.0,0.95,4533.333333333332,0.004182070290504855,740
P7790,80.0,56.66666666666666,1800,100.0,0.95,4533.333333333332,0.004182070290504855,740
P7791,80.0,56.66666666666666,1800,100.0,1.125,4533.333333333332,0.004182070290504855,740
P7792,80.0,56.66666666666666,1800,100.0,1.125,4533.333333333332,0.004182070290504855,740
P7793,80.0,56.66666666666666,1800,100.0,1.125,4533.333333333332,0.004182070290504855,740
P7794,80.0,56.66666666666666,1800,100.0,1.3,4533.333333333332,0.004182070290504855,740
P7795,80.0,56.66666666666666,1800,100.0,1.3,4533.333333333332,0.004182070290504855,740
P7796,80.0,56.66666666666666,1800,100.0,1.3,4533.333333333332,0.004182070290504855,740
P7896,80.0,56.66666666666666,3000,100.0,0.95,4533.333333333332,0.0025092421748605224,320
P7897,80.0,56.66666666666666,3000,100.0,0.95,4533.333333333332,0.0025092421748605224,320
P7898,80.0,56.66666666666666,3000,100.0,0.95,4533.333333333332,0.0025092421748605224,320
P7899,80.0,56.66666666666666,3000,100.0,1.125,4533.333333333332,0.0025092421748605224,320
P7900,80.0,56.66666666666666,3000,100.0,1.125,4533.333333333332,0.0025092421748605224,320
P7901,80.0,56.66666666666666,3000,100.0,1.125,4533.333333333332,0.0025092421748605224,320
P7902,80.0,56.66666666666666,3000,100.0,1.3,4533.333333333332,0.0025092421748605224,320
P7903,80.0,56.66666666666666,3000,100.0,1.3,4533.333333333332,0.0025092421748605224,320
P7904,80.0,56.66666666666666,3000,100.0,1.3,4533.333333333332,0.0025092421748605224,320
P7932,80.0,80.0,1800,100.0,0.95,6400.0,0.0049690399472389546,3800
P7933,80.0,80.0,1800,100.0,0.95,6400.0,0.0049690399472389546,3800
P7934,80.0,80.0,1800,100.0,0.95,6400.0,0.0049690399472389546,3800
P7935,80.0,80.0,1800,100.0,1.125,6400.0,0.0049690399472389546,3800
P7936,80.0,80.0,1800,100.0,1.125,6400.0,0.0049690399472389546,3800
P7937,80.0,80.0,1800,100.0,1.125,6400.0,0.0049690399472389546,3800
P7938,80.0,80.0,1800,100.0,1.3,6400.0,0.0049690399472389546,3800
P7939,80.0,80.0,1800,100.0,1.3,6400.0,0.0049690399472389546,3800
P7940,80.0,80.0,1800,100.0,1.3,6400.0,0.0049690399472389546,3800
P8040,80.0,80.0,3000,100.0,0.95,6400.0,0.002981423969005912,350
P8041,80.0,80.0,3000,100.0,0.95,6400.0,0.002981423969005912,350
P8042,80.0,80.0,3000,100.0,0.95,6400.0,0.002981423969005912,350
P8043,80.0,80.0,3000,100.0,1.125,6400.0,0.002981423969005912,350
P8044,80.0,80.0,3000,100.0,1.125,6400.0,0.002981423969005912,350
P8045,80.0,80.0,3000,100.0,1.125,6400.0,0.002981423969005912,350
P8046,80.0,80.0,3000,100.0,1.3,6400.0,0.002981423969005912,350
P8047,80.0,80.0,3000,100.0,1.3,6400.0,0.002981423969005912,350
P8048,80.0,80.0,3000,100.0,1.3,6400.0,0.002981423969005912,350
P8076,253.3333333333333,10.0,1800,100.0,0.95,2533.333333333333,0.0017568209213397546,850
P8077,253.3333333333333,10.0,1800,100.0,0.95,2533.333333333333,0.0017568209213397546,850
P8078,253.3333333333333,10.0,1800,100.0,0.95,2533.333333333333,0.0017568209213397546,850
P8079,253.3333333333333,10.0,1800,100.0,1.125,2533.333333333333,0.0017568209213397546,850
P8080,253.3333333333333,10.0,1800,100.0,1.125,2533.333333333333,0.0017568209213397546,850
P8081,253.3333333333333,10.0,1800,100.0,1.125,2533.333333333333,0.0017568209213397546,850
P8082,253.3333333333333,10.0,1800,100.0,1.3,2533.333333333333,0.0017568209213397546,850
P8083,253.3333333333333,10.0,1800,100.0,1.3,2533.333333333333,0.0017568209213397546,850
P8084,253.3333333333333,10.0,1800,100.0,1.3,2533.333333333333,0.0017568209213397546,850
P8184,253.3333333333333,10.0,3000,100.0,0.95,2533.333333333333,0.0010540925530380958,490
P8185,253.3333333333333,10.0,3000,100.0,0.95,2533.333333333333,0.0010540925530380958,490
P8186,253.3333333333333,10.0,3000,100.0,0.95,2533.333333333333,0.0010540925530380958,490
P8187,253.3333333333333,10.0,3000,100.0,1.125,2533.333333333333,0.0010540925530380958,490
P8188,253.3333333333333,10.0,3000,100.0,1.125,2533.333333333333,0.0010540925530380958,490
P8189,253.3333333333333,10.0,3000,100.0,1.125,2533.333333333333,0.0010540925530380958,490
P8190,253.3333333333333,10.0,3000,100.0,1.3,2533.333333333333,0.0010540925530380958,490
P8191,253.3333333333333,10.0,3000,100.0,1.3,2533.333333333333,0.0010540925530380958,490
P8192,253.3333333333333,10.0,3000,100.0,1.3,2533.333333333333,0.0010540925530380958,490
P8220,253.3333333333333,33.33333333333333,1800,100.0,0.95,8444.444444444442,0.0032075014937159754,1200
P8221,253.3333333333333,33.33333333333333,1800,100.0,0.95,8444.444444444442,0.0032075014937159754,1200
P8222,253.3333333333333,33.33333333333333,1800,100.0,0.95,8444.444444444442,0.0032075014937159754,1200
P8223,253.3333333333333,33.33333333333333,1800,100.0,1.125,8444.444444444442,0.0032075014937159754,1200
P8224,253.3333333333333,33.33333333333333,1800,100.0,1.125,8444.444444444442,0.0032075014937159754,1200
P8225,253.3333333333333,33.33333333333333,1800,100.0,1.125,8444.444444444442,0.0032075014937159754,1200
P8226,253.3333333333333,33.33333333333333,1800,100.0,1.3,8444.444444444442,0.0032075014937159754,1200
P8227,253.3333333333333,33.33333333333333,1800,100.0,1.3,8444.444444444442,0.0032075014937159754,1200
P8228,253.3333333333333,33.33333333333333,1800,100.0,1.3,8444.444444444442,0.0032075014937159754,1200
P8328,253.3333333333333,33.33333333333333,3000,100.0,0.95,8444.444444444442,0.0019245008966572521,490
P8329,253.3333333333333,33.33333333333333,3000,100.0,0.95,8444.444444444442,0.0019245008966572521,490
P8330,253.3333333333333,33.33333333333333,3000,100.0,0.95,8444.444444444442,0.0019245008966572521,490
P8331,253.3333333333333,33.33333333333333,3000,100.0,1.125,8444.444444444442,0.0019245008966572521,490
P8332,253.3333333333333,33.33333333333333,3000,100.0,1.125,8444.444444444442,0.0019245008966572521,490
P8333,253.3333333333333,33.33333333333333,3000,100.0,1.125,8444.444444444442,0.0019245008966572521,490
P8334,253.3333333333333,33.33333333333333,3000,100.0,1.3,8444.444444444442,0.0019245008966572521,490
P8335,253.3333333333333,33.33333333333333,3000,100.0,1.3,8444.444444444442,0.0019245008966572521,490
P8336,253.3333333333333,33.33333333333333,3000,100.0,1.3,8444.444444444442,0.0019245008966572521,490
P8364,253.3333333333333,56.66666666666666,1800,100.0,0.95,14355.555555555551,0.004182070290504855,1600
P8365,253.3333333333333,56.66666666666666,1800,100.0,0.95,14355.555555555551,0.004182070290504855,1600
P8366,253.3333333333333,56.66666666666666,1800,100.0,0.95,14355.555555555551,0.004182070290504855,1600
P8367,253.3333333333333,56.66666666666666,1800,100.0,1.125,14355.555555555551,0.004182070290504855,1600
P8368,253.3333333333333,56.66666666666666,1800,100.0,1.125,14355.555555555551,0.004182070290504855,1600
P8369,253.3333333333333,56.66666666666666,1800,100.0,1.125,14355.555555555551,0.004182070290504855,1600
P8370,253.3333333333333,56.66666666666666,1800,100.0,1.3,14355.555555555551,0.004182070290504855,1600
P8371,253.3333333333333,56.66666666666666,1800,100.0,1.3,14355.555555555551,0.004182070290504855,1600
P8372,253.3333333333333,56.66666666666666,1800,100.0,1.3,14355.555555555551,0.004182070290504855,1600
P8472,253.3333333333333,56.66666666666666,3000,100.0,0.95,14355.555555555551,0.0025092421748605224,550
P8473,253.3333333333333,56.66666666666666,3000,100.0,0.95,14355.555555555551,0.0025092421748605224,550
P8474,253.3333333333333,56.66666666666666,3000,100.0,0.95,14355.555555555551,0.0025092421748605224,550
P8475,253.3333333333333,56.66666666666666,3000,100.0,1.125,14355.555555555551,0.0025092421748605224,550
P8476,253.3333333333333,56.66666666666666,3000,100.0,1.125,14355.555555555551,0.0025092421748605224,550
P8477,253.3333333333333,56.66666666666666,3000,100.0,1.125,14355.555555555551,0.0025092421748605224,550
P8478,253.3333333333333,56.66666666666666,3000,100.0,1.3,14355.555555555551,0.0025092421748605224,550
P8479,253.3333333333333,56.66666666666666,3000,100.0,1.3,14355.555555555551,0.0025092421748605224,550
P8480,253.3333333333333,56.66666666666666,3000,100.0,1.3,14355.555555555551,0.0025092421748605224,550
P8508,253.3333333333333,80.0,1800,100.0,0.95,20266.666666666664,0.0049690399472389546,7200
P8509,253.3333333333333,80.0,1800,100.0,0.95,20266.666666666664,0.0049690399472389546,7200
P8510,253.3333333333333,80.0,1800,100.0,0.95,20266.666666666664,0.0049690399472389546,7200
P8511,253.3333333333333,80.0,1800,100.0,1.125,20266.666666666664,0.0049690399472389546,7300
P8512,253.3333333333333,80.0,1800,100.0,1.125,20266.666666666664,0.0049690399472389546,7300
P8513,253.3333333333333,80.0,1800,100.0,1.125,20266.666666666664,0.0049690399472389546,7300
P8514,253.3333333333333,80.0,1800,100.0,1.3,20266.666666666664,0.0049690399472389546,7300
P8515,253.3333333333333,80.0,1800,100.0,1.3,20266.666666666664,0.0049690399472389546,7300
P8516,253.3333333333333,80.0,1800,100.0,1.3,20266.666666666664,0.0049690399472389546,7300
P8616,253.3333333333333,80.0,3000,100.0,0.95,20266.666666666664,0.002981423969005912,600
P8617,253.3333333333333,80.0,3000,100.0,0.95,20266.666666666664,0.002981423969005912,600
P8618,253.3333333333333,80.0,3000,100.0,0.95,20266.666666666664,0.002981423969005912,600
P8619,253.3333333333333,80.0,3000,100.0,1.125,20266.666666666664,0.002981423969005912,600
P8620,253.3333333333333,80.0,3000,100.0,1.125,20266.666666666664,0.002981423969005912,600
P8621,253.3333333333333,80.0,3000,100.0,1.125,20266.666666666664,0.002981423969005912,600
P8622,253.3333333333333,80.0,3000,100.0,1.3,20266.666666666664,0.002981423969005912,600
P8623,253.3333333333333,80.0,3000,100.0,1.3,20266.666666666664,0.002981423969005912,600
P8624,253.3333333333333,80.0,3000,100.0,1.3,20266.666666666664,0.002981423969005912,600
P8652,426.6666666666667,10.0,1800,100.0,0.95,4266.666666666667,0.0017568209213397546,1300
P8653,426.6666666666667,10.0,1800,100.0,0.95,4266.666666666667,0.0017568209213397546,1300
P8654,426.6666666666667,10.0,1800,100.0,0.95,4266.666666666667,0.0017568209213397546,1300
P8655,426.6666666666667,10.0,1800,100.0,1.125,4266.666666666667,0.0017568209213397546,1300
P8656,426.6666666666667,10.0,1800,100.0,1.125,4266.666666666667,0.0017568209213397546,1300
P8657,426.6666666666667,10.0,1800,100.0,1.125,4266.666666666667,0.0017568209213397546,1300
P8658,426.6666666666667,10.0,1800,100.0,1.3,4266.666666666667,0.0017568209213397546,1300
P8659,426.6666666666667,10.0,1800,100.0,1.3,4266.666666666667,0.0017568209213397546,1300
P8660,426.6666666666667,10.0,1800,100.0,1.3,4266.666666666667,0.0017568209213397546,1300
P8760,426.6666666666667,10.0,3000,100.0,0.95,4266.666666666667,0.0010540925530380958,700
P8761,426.6666666666667,10.0,3000,100.0,0.95,4266.666666666667,0.0010540925530380958,700
P8762,426.6666666666667,10.0,3000,100.0,0.95,4266.666666666667,0.0010540925530380958,700
P8763,426.6666666666667,10.0,3000,100.0,1.125,4266.666666666667,0.0010540925530380958,700
P8764,426.6666666666667,10.0,3000,100.0,1.125,4266.666666666667,0.0010540925530380958,700
P8765,426.6666666666667,10.0,3000,100.0,1.125,4266.666666666667,0.0010540925530380958,700
P8766,426.6666666666667,10.0,3000,100.0,1.3,4266.666666666667,0.0010540925530380958,700
P8767,426.6666666666667,10.0,3000,100.0,1.3,4266.666666666667,0.0010540925530380958,700
P8768,426.6666666666667,10.0,3000,100.0,1.3,4266.666666666667,0.0010540925530380958,700
P8796,426.6666666666667,33.33333333333333,1800,100.0,0.95,14222.22222222222,0.0032075014937159754,1800
P8797,426.6666666666667,33.33333333333333,1800,100.0,0.95,14222.22222222222,0.0032075014937159754,1800
P8798,426.6666666666667,33.33333333333333,1800,100.0,0.95,14222.22222222222,0.0032075014937159754,1800
P8799,426.6666666666667,33.33333333333333,1800,100.0,1.125,14222.22222222222,0.0032075014937159754,1800
P8800,426.6666666666667,33.33333333333333,1800,100.0,1.125,14222.22222222222,0.0032075014937159754,1800
P8801,426.6666666666667,33.33333333333333,1800,100.0,1.125,14222.22222222222,0.0032075014937159754,1800
P8802,426.6666666666667,33.33333333333333,1800,100.0,1.3,14222.22222222222,0.0032075014937159754,1800
P8803,426.6666666666667,33.33333333333333,1800,100.0,1.3,14222.22222222222,0.0032075014937159754,1800
P8804,426.6666666666667,33.33333333333333,1800,100.0,1.3,14222.22222222222,0.0032075014937159754,1800
P8904,426.6666666666667,33.33333333333333,3000,100.0,0.95,14222.22222222222,0.0019245008966572521,700
P8905,426.6666666666667,33.33333333333333,3000,100.0,0.95,14222.22222222222,0.0019245008966572521,700
P8906,426.6666666666667,33.33333333333333,3000,100.0,0.95,14222.22222222222,0.0019245008966572521,700
P8907,426.6666666666667,33.33333333333333,3000,100.0,1.125,14222.22222222222,0.0019245008966572521,700
P8908,426.6666666666667,33.33333333333333,3000,100.0,1.125,14222.22222222222,0.0019245008966572521,700
P8909,426.6666666666667,33.33333333333333,3000,100.0,1.125,14222.22222222222,0.0019245008966572521,700
P8910,426.6666666666667,33.33333333333333,3000,100.0,1.3,14222.22222222222,0.0019245008966572521,700
P8911,426.6666666666667,33.33333333333333,3000,100.0,1.3,14222.22222222222,0.0019245008966572521,700
P8912,426.6666666666667,33.33333333333333,3000,100.0,1.3,14222.22222222222,0.0019245008966572521,700
P8940,426.6666666666667,56.66666666666666,1800,100.0,0.95,24177.777777777774,0.004182070290504855,2400
P8941,426.6666666666667,56.66666666666666,1800,100.0,0.95,24177.777777777774,0.004182070290504855,2400
P8942,426.6666666666667,56.66666666666666,1800,100.0,0.95,24177.777777777774,0.004182070290504855,2400
P8943,426.6666666666667,56.66666666666666,1800,100.0,1.125,24177.777777777774,0.004182070290504855,2400
P8944,426.6666666666667,56.66666666666666,1800,100.0,1.125,24177.777777777774,0.004182070290504855,2400
P8945,426.6666666666667,56.66666666666666,1800,100.0,1.125,24177.777777777774,0.004182070290504855,2400
P8946,426.6666666666667,56.66666666666666,1800,100.0,1.3,24177.777777777774,0.004182070290504855,2400
P8947,426.6666666666667,56.66666666666666,1800,100.0,1.3,24177.777777777774,0.004182070290504855,2400
P8948,426.6666666666667,56.66666666666666,1800,100.0,1.3,24177.777777777774,0.004182070290504855,2400
P9048,426.6666666666667,56.66666666666666,3000,100.0,0.95,24177.777777777774,0.0025092421748605224,770
P9049,426.6666666666667,56.66666666666666,3000,100.0,0.95,24177.777777777774,0.0025092421748605224,770
P9050,426.6666666666667,56.66666666666666,3000,100.0,0.95,24177.777777777774,0.0025092421748605224,770
P9051,426.6666666666667,56.66666666666666,3000,100.0,1.125,24177.777777777774,0.0025092421748605224,770
P9052,426.6666666666667,56.66666666666666,3000,100.0,1.125,24177.777777777774,0.0025092421748605224,770
P9053,426.6666666666667,56.66666666666666,3000,100.0,1.125,24177.777777777774,0.0025092421748605224,770
P9054,426.6666666666667,56.66666666666666,3000,100.0,1.3,24177.777777777774,0.0025092421748605224,770
P9055,426.6666666666667,56.66666666666666,3000,100.0,1.3,24177.777777777774,0.0025092421748605224,770
P9056,426.6666666666667,56.66666666666666,3000,100.0,1.3,24177.777777777774,0.0025092421748605224,770
P9084,426.6666666666667,80.0,1800,100.0,0.95,34133.333333333336,0.0049690399472389546,10500
P9085,426.6666666666667,80.0,1800,100.0,0.95,34133.333333333336,0.0049690399472389546,10500
P9086,426.6666666666667,80.0,1800,100.0,0.95,34133.333333333336,0.0049690399472389546,10500
P9087,426.6666666666667,80.0,1800,100.0,1.125,34133.333333333336,0.0049690399472389546,10500
P9088,426.6666666666667,80.0,1800,100.0,1.125,34133.333333333336,0.0049690399472389546,10500
P9089,426.6666666666667,80.0,1800,100.0,1.125,34133.333333333336,0.0049690399472389546,10500
P9090,426.6666666666667,80.0,1800,100.0,1.3,34133.333333333336,0.0049690399472389546,10500
P9091,426.6666666666667,80.0,1800,100.0,1.3,34133.333333333336,0.0049690399472389546,10500
P9092,426.6666666666667,80.0,1800,100.0,1.3,34133.333333333336,0.0049690399472389546,10500
P9192,426.6666666666667,80.0,3000,100.0,0.95,34133.333333333336,0.002981423969005912,850
P9193,426.6666666666667,80.0,3000,100.0,0.95,34133.333333333336,0.002981423969005912,850
P9194,426.6666666666667,80.0,3000,100.0,0.95,34133.333333333336,0.002981423969005912,850
P9195,426.6666666666667,80.0,3000,100.0,1.125,34133.333333333336,0.002981423969005912,850
P9196,426.6666666666667,80.0,3000,100.0,1.125,34133.333333333336,0.002981423969005912,850
P9197,426.6666666666667,80.0,3000,100.0,1.125,34133.333333333336,0.002981423969005912,850
P9198,426.6666666666667,80.0,3000,100.0,1.3,34133.333333333336,0.002981423969005912,850
P9199,426.6666666666667,80.0,3000,100.0,1.3,34133.333333333336,0.002981423969005912,850
P9200,426.6666666666667,80.0,3000,100.0,1.3,34133.333333333336,0.002981423969005912,850
P9228,600.0,10.0,1800,100.0,0.95,6000.0,0.0017568209213397546,1700
P9229,600.0,10.0,1800,100.0,0.95,6000.0,0.0017568209213397546,1700
P9230,600.0,10.0,1800,100.0,0.95,6000.0,0.0017568209213397546,1700
P9231,600.0,10.0,1800,100.0,1.125,6000.0,0.0017568209213397546,1700
P9232,600.0,10.0,1800,100.0,1.125,6000.0,0.0017568209213397546,1700
P9233,600.0,10.0,1800,100.0,1.125,6000.0,0.0017568209213397546,1700
P9234,600.0,10.0,1800,100.0,1.3,6000.0,0.0017568209213397546,1700
P9235,600.0,10.0,1800,100.0,1.3,6000.0,0.0017568209213397546,1700
P9236,600.0,10.0,1800,100.0,1.3,6000.0,0.0017568209213397546,1700
P9336,600.0,10.0,3000,100.0,0.95,6000.0,0.0010540925530380958,890
P9337,600.0,10.0,3000,100.0,0.95,6000.0,0.0010540925530380958,890
P9338,600.0,10.0,3000,100.0,0.95,6000.0,0.0010540925530380958,890
P9339,600.0,10.0,3000,100.0,1.125,6000.0,0.0010540925530380958,890
P9340,600.0,10.0,3000,100.0,1.125,6000.0,0.0010540925530380958,890
P9341,600.0,10.0,3000,100.0,1.125,6000.0,0.0010540925530380958,890
P9342,600.0,10.0,3000,100.0,1.3,6000.0,0.0010540925530380958,890
P9343,600.0,10.0,3000,100.0,1.3,6000.0,0.0010540925530380958,890
P9344,600.0,10.0,3000,100.0,1.3,6000.0,0.0010540925530380958,890
P9372,600.0,33.33333333333333,1800,100.0,0.95,19999.999999999996,0.0032075014937159754,2400
P9373,600.0,33.33333333333333,1800,100.0,0.95,19999.999999999996,0.0032075014937159754,2400
P9374,600.0,33.33333333333333,1800,100.0,0.95,19999.999999999996,0.0032075014937159754,2400
P9375,600.0,33.33333333333333,1800,100.0,1.125,19999.999999999996,0.0032075014937159754,2400
P9376,600.0,33.33333333333333,1800,100.0,1.125,19999.999999999996,0.0032075014937159754,2400
P9377,600.0,33.33333333333333,1800,100.0,1.125,19999.999999999996,0.0032075014937159754,2400
P9378,600.0,33.33333333333333,1800,100.0,1.3,19999.999999999996,0.0032075014937159754,2400
P9379,600.0,33.33333333333333,1800,100.0,1.3,19999.999999999996,0.0032075014937159754,2400
P9380,600.0,33.33333333333333,1800,100.0,1.3,19999.999999999996,0.0032075014937159754,2400
P9480,600.0,33.33333333333333,3000,100.0,0.95,19999.999999999996,0.0019245008966572521,900
P9481,600.0,33.33333333333333,3000,100.0,0.95,19999.999999999996,0.0019245008966572521,900
P9482,600.0,33.33333333333333,3000,100.0,0.95,19999.999999999996,0.0019245008966572521,900
P9483,600.0,33.33333333333333,3000,100.0,1.125,19999.999999999996,0.0019245008966572521,900
P9484,600.0,33.33333333333333,3000,100.0,1.125,19999.999999999996,0.0019245008966572521,900
P9485,600.0,33.33333333333333,3000,100.0,1.125,19999.999999999996,0.0019245008966572521,900
P9486,600.0,33.33333333333333,3000,100.0,1.3,19999.999999999996,0.0019245008966572521,900
P9487,600.0,33.33333333333333,3000,100.0,1.3,19999.999999999996,0.0019245008966572521,900
P9488,600.0,33.33333333333333,3000,100.0,1.3,19999.999999999996,0.0019245008966572521,900
P9516,600.0,56.66666666666666,1800,100.0,0.95,33999.99999999999,0.004182070290504855,3100
P9517,600.0,56.66666666666666,1800,100.0,0.95,33999.99999999999,0.004182070290504855,3100
P9518,600.0,56.66666666666666,1800,100.0,0.95,33999.99999999999,0.004182070290504855,3100
P9519,600.0,56.66666666666666,1800,100.0,1.125,33999.99999999999,0.004182070290504855,3100
P9520,600.0,56.66666666666666,1800,100.0,1.125,33999.99999999999,0.004182070290504855,3100
P9521,600.0,56.66666666666666,1800,100.0,1.125,33999.99999999999,0.004182070290504855,3100
P9522,600.0,56.66666666666666,1800,100.0,1.3,33999.99999999999,0.004182070290504855,3100
P9523,600.0,56.66666666666666,1800,100.0,1.3,33999.99999999999,0.004182070290504855,3100
P9524,600.0,56.66666666666666,1800,100.0,1.3,33999.99999999999,0.004182070290504855,3100
P9624,600.0,56.66666666666666,3000,100.0,0.95,33999.99999999999,0.0025092421748605224,1000
P9625,600.0,56.66666666666666,3000,100.0,0.95,33999.99999999999,0.0025092421748605224,1000
P9626,600.0,56.66666666666666,3000,100.0,0.95,33999.99999999999,0.0025092421748605224,1000
P9627,600.0,56.66666666666666,3000,100.0,1.125,33999.99999999999,0.0025092421748605224,1000
P9628,600.0,56.66666666666666,3000,100.0,1.125,33999.99999999999,0.0025092421748605224,1000
P9629,600.0,56.66666666666666,3000,100.0,1.125,33999.99999999999,0.0025092421748605224,1000
P9630,600.0,56.66666666666666,3000,100.0,1.3,33999.99999999999,0.0025092421748605224,1000
P9631,600.0,56.66666666666666,3000,100.0,1.3,33999.99999999999,0.0025092421748605224,1000
P9632,600.0,56.66666666666666,3000,100.0,1.3,33999.99999999999,0.0025092421748605224,1000
P9660,600.0,80.0,1800,100.0,0.95,48000.0,0.0049690399472389546,13900
P9661,600.0,80.0,1800,100.0,0.95,48000.0,0.0049690399472389546,13900
P9662,600.0,80.0,1800,100.0,0.95,48000.0,0.0049690399472389546,13900
P9663,600.0,80.0,1800,100.0,1.125,48000.0,0.0049690399472389546,13900
P9664,600.0,80.0,1800,100.0,1.125,48000.0,0.0049690399472389546,13900
P9665,600.0,80.0,1800,100.0,1.125,48000.0,0.0049690399472389546,13900
P9666,600.0,80.0,1800,100.0,1.3,48000.0,0.0049690399472389546,13900
P9667,600.0,80.0,1800,100.0,1.3,48000.0,0.0049690399472389546,13900
P9668,600.0,80.0,1800,100.0,1.3,48000.0,0.0049690399472389546,13900
P9768,600.0,80.0,3000,100.0,0.95,48000.0,0.002981423969005912,1100
P9769,600.0,80.0,3000,100.0,0.95,48000.0,0.002981423969005912,1100
P9770,600.0,80.0,3000,100.0,0.95,48000.0,0.002981423969005912,1100
P9771,600.0,80.0,3000,100.0,1.125,48000.0,0.002981423969005912,1100
P9772,600.0,80.0,3000,100.0,1.125,48000.0,0.002981423969005912,1100
P9773,600.0,80.0,3000,100.0,1.125,48000.0,0.002981423969005912,1100
P9774,600.0,80.0,3000,100.0,1.3,48000.0,0.002981423969005912,1100
P9775,600.0,80.0,3000,100.0,1.3,48000.0,0.002981423969005912,1100
P9776,600.0,80.0,3000,100.0,1.3,48000.0,0.002981423969005912,1100
