Item Description,tag,flow_rate,fluid_head,rpm,spec_gravity,power_kw,useful_kw,diameter_proxy,weight_kg
19-P001 A/B,19P001AB,1.5,25.0,1800.0,15.0,0.9333333333333335,37.5,0.002777777776234568,280.0
"H-101/1,2",H-10112,44.0,1150.0,3600.0,200.0,0.5333333333333333,50600.0,0.00941990275172401,11200.0
"H-103/1,2",H-10312,40.0,1150.0,3600.0,200.0,0.5333333333333333,46000.0,0.00941990275172401,11000.0
"H-201/1,2",H-20112,17.0,40.0,1800.0,15.0,0.7666666666666667,680.0,0.003513641842679509,480.0
"H-301/1,2",H-30112,26.0,200.0,3600.0,50.0,1.1333333333333335,5200.0,0.003928371005500717,3300.0
"H-302/1,2",H-30212,486.0,30.0,1800.0,100.0,1.1833333333333333,14580.0,0.003042903095560421,3100.0
"H-501/1,2",H-50112,2.0,45.0,3600.0,50.0,1.5666666666666667,90.0,0.0018633899807322166,370.0
"H-502/1,2",H-50212,14.0,40.0,1800.0,15.0,0.7666666666666667,560.0,0.003513641842679509,450.0
"H-601/1,2",H-60112,65.0,80.0,3600.0,50.0,1.5666666666666667,5200.0,0.0024845199743096223,860.0
"H-603/1,2",H-60312,42.0,190.0,3600.0,50.0,1.3499999999999999,7980.0,0.0038289024300725886,3600.0
"H-701/1,2",H-70112,24.0,150.0,3600.0,50.0,1.5666666666666667,3600.0,0.0034020690862538393,3000.0
"H-702/1,2",H-70212,7.0,160.0,3600.0,50.0,1.1333333333333333,1120.0,0.0035136418436555214,2700.0
"H-703/1,2",H-70312,2.0,115.0,3600.0,50.0,1.1333333333333335,230.0,0.002978834803273548,440.0
"H-704/1,2",H-70412,144.0,120.0,1800.0,15.0,1.4333333333333336,17280.0,0.006085806191120842,1700.0
"H-705/1,2",H-70512,24.0,340.0,3600.0,200.0,0.3666666666666667,8160.0,0.005121969141517723,4300.0
"H-706/1,2",H-70612,230.5,30.0,1800.0,100.0,1.1833333333333333,6915.0,0.003042903095560421,1700.0
"H-707/1,2",H-70712,5.0,40.0,1800.0,15.0,1.1,200.0,0.003513641842679509,380.0
"H-708/1,2",H-70812,22.0,70.0,3600.0,50.0,0.9166666666666666,1540.0,0.00232405562861575,500.0
H-602/1-4,H60214,1.0,115.0,3600.0,50.0,1.1333333333333335,115.0,0.002978834803273548,430.0
P-901/2,P-9012,2.0,42.0,1800.0,15.0,0.9333333333333335,84.0,0.003600411497115249,360.0
P-011 A/B,P011AB,0.002,10.0,1800.0,15.0,1.1,0.02,0.0017568209213397546,220.0
P-101 A/B,P101AB,19.8,395.0,3600.0,200.0,102.0,7821.0,0.005520724141341963,4500.0
P-102,P102,22.0,140.0,3600.0,50.0,50.0,3080.0,0.0032867109896979226,2800.0
P-1200 A/B,P1200AB,5.0,62.0,3600.0,50.0,0.9166666666666666,310.0,0.002187224408840163,330.0
P-1201 A/B,P1201AB,13.0,47.0,1800.0,15.0,0.9333333333333335,611.0,0.003808696998106859,490.0
P-1202 A/B,P1202AB,53.0,72.0,3600.0,50.0,1.3500000000000003,3816.0,0.00235702260330043,720.0
P-1203 A/B,P1203AB,1.0,76.0,3600.0,50.0,1.5666666666666667,76.0,0.0024216105235165936,340.0
P-1204 A/B,P1204AB,128.0,40.0,1800.0,15.0,1.4333333333333336,5120.0,0.003513641842679509,1400.0
P-140,P140,1.0,20.0,1800.0,15.0,0.9333333333333335,20.0,0.0024845199736194773,240.0
P-143,P143,20.0,20.0,1800.0,15.0,0.9333333333333335,400.0,0.0024845199736194773,350.0
P-144,P144,19.0,20.0,1800.0,15.0,17.0,380.0,0.0024845199736194773,440.0
P-145,P145,14.0,20.0,1800.0,15.0,1.1,280.0,0.0024845199736194773,320.0
P-146,P146,5.5,20.0,1800.0,15.0,0.9333333333333335,110.0,0.0024845199736194773,280.0
P-147,P147,5.5,20.0,1800.0,15.0,0.9333333333333335,110.0,0.0024845199736194773,280.0
P-148,P148,14.0,60.0,1800.0,15.0,1.1,840.0,0.004303314826728621,560.0
P-149,P149,2.0,20.0,1800.0,15.0,0.9333333333333335,40.0,0.0024845199736194773,250.0
P-153 A/B,P153AB,1.0,30.0,1800.0,15.0,2.2,30.0,0.003042903095560421,300.0
P-2101 A/B,P2101AB,54.0,47.0,3600.0,50.0,1.5666666666666667,2538.0,0.0019043484995824155,870.0
P-2102 A/B,P2102AB,54.0,72.0,3600.0,50.0,1.3500000000000003,3888.0,0.00235702260330043,730.0
P-2103 A/B,P2103AB,1.0,76.0,3600.0,50.0,1.5666666666666667,76.0,0.0024216105235165936,340.0
P-2104 A/B,P2104AB,128.0,40.0,1800.0,15.0,1.4333333333333336,5120.0,0.003513641842679509,1400.0
P-301 A/B,P301AB,5.5,130.0,3600.0,50.0,0.9166666666666666,715.0,0.0031671539577289515,2600.0
P-302 A/B,P302AB,1.5,360.0,3533.3333333333335,200.0,0.8666666666666667,540.0,0.005369905459143501,3600.0
P-303 A/B,P303AB,289.0,342.0,2600.0,100.0,1.125,98838.0,0.00711278538530544,11100.0
P-304 A/B,P304AB,153.0,382.0,3600.0,50.0,1.1333333333333335,58446.0,0.005429116744517486,8400.0
P-305 A/B,P305AB,4.0,111.0,3600.0,50.0,1.1333333333333335,444.0,0.002926570486090602,450.0
P-306 A/B,P306AB,6.0,40.0,1800.0,15.0,0.9333333333333335,240.0,0.003513641842679509,380.0
P-307 A/B,P307AB,61.0,251.0,3600.0,50.0,1.1333333333333335,15311.0,0.004400827642598342,4500.0
P-308,P308,6.0,42.0,1800.0,15.0,1.1,252.0,0.003600411497115249,390.0
P-309,P309,6.0,42.0,1800.0,15.0,1.1,252.0,0.003600411497115249,390.0
P-501 A/B,P501AB,8.0,26.0,1800.0,15.0,11.0,208.0,0.002832788617088886,380.0
P-502 A/B,P502AB,2.0,15.0,1800.0,15.0,1.1,30.0,0.0021516574133643106,250.0
P-503 A/B,P503AB,1.0,50.0,3600.0,50.0,1.3499999999999999,50.0,0.0019641855027503585,370.0
P-504 A/B,P504AB,8.0,26.0,1800.0,15.0,11.0,208.0,0.002832788617088886,380.0
P-701 A/B,P701AB,0.5,1150.0,3600.0,200.0,0.5333333333333333,575.0,0.00941990275172401,8100.0
P-701 A/B/C,P701ABC,133.0,50.0,1800.0,15.0,1.1,6650.0,0.003928371004409502,1500.0
P-702 A/B,P702AB,3.0,148.0,3600.0,50.0,1.3499999999999999,444.0,0.003379312515893646,2600.0
P-702 A/B/C,P702ABC,100.0,17.0,1800.0,15.0,1.2666666666666668,1700.0,0.002290614235181692,730.0
P-703 A/B,P703AB,2.0,55.0,3600.0,50.0,1.5666666666666667,110.0,0.0020600551347321134,420.0
P-704 A/B,P704AB,1.5,44.0,3600.0,50.0,1.5666666666666667,66.0,0.0018425693274633974,360.0
P-705,P705,1.5,42.0,1800.0,15.0,0.9333333333333335,63.0,0.003600411497115249,350.0
P-802 A/B,P802AB,1.5,507.0,3500.0,200.0,0.8666666666666666,760.5,0.006433331569132021,4500.0
P-810 A/B,P810AB,125.0,1150.0,3600.0,200.0,0.5333333333333333,143750.0,0.00941990275172401,16400.0
P-812/16,P81216,67.0,30.0,2200.0,100.0,1.3,2010.0,0.002489647987528188,760.0
P-901 A/B,P901AB,36.4,96.0,3600.0,50.0,1.7833333333333332,3494.3999999999996,0.0027216552690030715,720.0
P-904,P904,1.5,20.0,1800.0,15.0,0.9333333333333335,30.0,0.0024845199736194773,250.0
P-905,P905,7.0,20.0,1800.0,15.0,1.1,140.0,0.0024845199736194773,290.0
P-906 A/B,P906AB,2.2,225.0,3600.0,200.0,0.8666666666666666,495.00000000000006,0.004166666665509259,2900.0
P-907 A/B,P907AB,17.0,20.0,1800.0,15.0,0.9333333333333335,340.0,0.0024845199736194773,340.0
P-910,P910,17.0,20.0,1800.0,15.0,0.9333333333333335,340.0,0.0024845199736194773,340.0
P-911 A/B,P911AB,17.0,20.0,1800.0,15.0,0.9333333333333335,340.0,0.0024845199736194773,340.0
P-913,P913,345.0,12.0,3000.0,100.0,80.0,4140.0,0.0011547005379943514,1700.0
