tag,Liquid volume,diameter,ss_distance,pressure,temp,Operating temperature,Skirt height,Vessel leg height,volume_proxy,pressure_factor,weight_log
P11,,1.0,2.0,100.0,-10.0,-20,0,,2.0,100.0,8.483636407887394
P12,,1.0,2.0,100.0,-10.0,-20,,1.5,2.0,100.0,8.368925174747135
P13,,1.0,2.0,100.0,-10.0,-20,4,,2.0,100.0,8.560827228436299
P14,,1.0,2.0,100.0,-10.0,-20,,1.5,2.0,100.0,8.368925174747135
P15,,1.0,2.0,100.0,290.0,280,0,,2.0,100.0,8.627660644442209
P16,,1.0,2.0,100.0,290.0,280,,1.5,2.0,100.0,8.52912176228151
P17,,1.0,2.0,100.0,290.0,280,4,,2.0,100.0,8.69483715865908
P18,,1.0,2.0,100.0,290.0,280,,1.5,2.0,100.0,8.52912176228151
P19,,1.0,2.0,100.0,-10.0,-20,0,,2.0,100.0,8.483636407887394
P20,,1.0,2.0,100.0,-10.0,-20,,1.5,2.0,100.0,8.368925174747135
P21,,1.0,2.0,100.0,-10.0,-20,4,,2.0,100.0,8.560827228436299
P22,,1.0,2.0,100.0,-10.0,-20,,1.5,2.0,100.0,8.368925174747135
P23,,1.0,2.0,100.0,290.0,280,0,,2.0,100.0,8.627660644442209
P24,,1.0,2.0,100.0,290.0,280,,1.5,2.0,100.0,8.52912176228151
P25,,1.0,2.0,100.0,290.0,280,4,,2.0,100.0,8.69483715865908
P26,,1.0,2.0,100.0,290.0,280,,1.5,2.0,100.0,8.52912176228151
P27,,1.0,2.0,10000.0,-10.0,-20,0,,2.0,10000.0,8.878218658092228
P28,,1.0,2.0,10000.0,-10.0,-20,,1.5,2.0,10000.0,8.814330422638774
P29,,1.0,2.0,10000.0,-10.0,-20,4,,2.0,10000.0,8.936166649549195
P30,,1.0,2.0,10000.0,-10.0,-20,,1.5,2.0,10000.0,8.814330422638774
P31,,1.0,2.0,10000.0,290.0,280,0,,2.0,10000.0,9.106312301552135
P32,,1.0,2.0,10000.0,290.0,280,,1.5,2.0,10000.0,9.044049632254756
P33,,1.0,2.0,10000.0,290.0,280,4,,2.0,10000.0,9.142061531222888
P34,,1.0,2.0,10000.0,290.0,280,,1.5,2.0,10000.0,9.044049632254756
P35,,1.0,2.0,10000.0,-10.0,-20,0,,2.0,10000.0,8.878218658092228
P36,,1.0,2.0,10000.0,-10.0,-20,,1.5,2.0,10000.0,8.814330422638774
P37,,1.0,2.0,10000.0,-10.0,-20,4,,2.0,10000.0,8.936166649549195
P38,,1.0,2.0,10000.0,-10.0,-20,,1.5,2.0,10000.0,8.814330422638774
P39,,1.0,2.0,10000.0,290.0,280,0,,2.0,10000.0,9.106312301552135
P40,,1.0,2.0,10000.0,290.0,280,,1.5,2.0,10000.0,9.044049632254756
P41,,1.0,2.0,10000.0,290.0,280,4,,2.0,10000.0,9.142061531222888
P42,,1.0,2.0,10000.0,290.0,280,,1.5,2.0,10000.0,9.044049632254756
P43,,1.0,11.0,100.0,-10.0,-20,0,,11.0,100.0,9.359363643368622
P44,,1.0,11.0,100.0,-10.0,-20,,1.5,11.0,100.0,9.311361486034912
P45,,1.0,11.0,100.0,-10.0,-20,4,,11.0,100.0,9.381179591661104
P46,,1.0,11.0,100.0,-10.0,-20,,1.5,11.0,100.0,9.311361486034912
P47,,1.0,11.0,100.0,290.0,280,0,,11.0,100.0,9.524640032332234
P48,,1.0,11.0,100.0,290.0,280,,1.5,11.0,100.0,9.484100989086919
P49,,1.0,11.0,100.0,290.0,280,4,,11.0,100.0,9.543163100092235
P50,,1.0,11.0,100.0,290.0,280,,1.5,11.0,100.0,9.484100989086919
P51,,1.0,11.0,100.0,-10.0,-20,0,,11.0,100.0,9.359363643368622
P52,,1.0,11.0,100.0,-10.0,-20,,1.5,11.0,100.0,9.311361486034912
P53,,1.0,11.0,100.0,-10.0,-20,4,,11.0,100.0,9.381179591661104
P54,,1.0,11.0,100.0,-10.0,-20,,1.5,11.0,100.0,9.311361486034912
P55,,1.0,11.0,100.0,290.0,280,0,,11.0,100.0,9.524640032332234
P56,,1.0,11.0,100.0,290.0,280,,1.5,11.0,100.0,9.484100989086919
P57,,1.0,11.0,100.0,290.0,280,4,,11.0,100.0,9.543163100092235
P58,,1.0,11.0,100.0,290.0,280,,1.5,11.0,100.0,9.484100989086919
P59,,1.0,11.0,10000.0,-10.0,-20,0,,11.0,10000.0,9.929398934320629
P60,,1.0,11.0,10000.0,-10.0,-20,,1.5,11.0,10000.0,9.906134047477034
P61,,1.0,11.0,10000.0,-10.0,-20,4,,11.0,10000.0,9.973619774716505
P62,,1.0,11.0,10000.0,-10.0,-20,,1.5,11.0,10000.0,9.906134047477034
P63,,1.0,11.0,10000.0,290.0,280,0,,11.0,10000.0,10.168502147925643
P64,,1.0,11.0,10000.0,290.0,280,,1.5,11.0,10000.0,10.150230436100662
P65,,1.0,11.0,10000.0,290.0,280,4,,11.0,10000.0,10.203481027702058
P66,,1.0,11.0,10000.0,290.0,280,,1.5,11.0,10000.0,10.150230436100662
P67,,1.0,11.0,10000.0,-10.0,-20,0,,11.0,10000.0,9.929398934320629
P68,,1.0,11.0,10000.0,-10.0,-20,,1.5,11.0,10000.0,9.906134047477034
P69,,1.0,11.0,10000.0,-10.0,-20,4,,11.0,10000.0,9.973619774716505
P70,,1.0,11.0,10000.0,-10.0,-20,,1.5,11.0,10000.0,9.906134047477034
P71,,1.0,11.0,10000.0,290.0,280,0,,11.0,10000.0,10.168502147925643
P72,,1.0,11.0,10000.0,290.0,280,,1.5,11.0,10000.0,10.150230436100662
P73,,1.0,11.0,10000.0,290.0,280,4,,11.0,10000.0,10.203481027702058
P74,,1.0,11.0,10000.0,290.0,280,,1.5,11.0,10000.0,10.150230436100662
P75,,1.0,20.0,100.0,-10.0,-20,0,,20.0,100.0,9.712569148516655
P76,,1.0,20.0,100.0,-10.0,-20,,1.5,20.0,100.0,9.711963784977375
P77,,1.0,20.0,100.0,-10.0,-20,4,,20.0,100.0,9.757362911053992
P78,,1.0,20.0,100.0,-10.0,-20,,1.5,20.0,100.0,9.711963784977375
P79,,1.0,20.0,100.0,290.0,280,0,,20.0,100.0,9.870861049709035
P80,,1.0,20.0,100.0,290.0,280,,1.5,20.0,100.0,9.870344333942874
P81,,1.0,20.0,100.0,290.0,280,4,,20.0,100.0,9.909221084383889
P82,,1.0,20.0,100.0,290.0,280,,1.5,20.0,100.0,9.870344333942874
P83,,1.0,20.0,100.0,-10.0,-20,0,,20.0,100.0,9.712569148516655
P84,,1.0,20.0,100.0,-10.0,-20,,1.5,20.0,100.0,9.711963784977375
P85,,1.0,20.0,100.0,-10.0,-20,4,,20.0,100.0,9.757362911053992
P86,,1.0,20.0,100.0,-10.0,-20,,1.5,20.0,100.0,9.711963784977375
P87,,1.0,20.0,100.0,290.0,280,0,,20.0,100.0,9.870861049709035
P88,,1.0,20.0,100.0,290.0,280,,1.5,20.0,100.0,9.870344333942874
P89,,1.0,20.0,100.0,290.0,280,4,,20.0,100.0,9.909221084383889
P90,,1.0,20.0,100.0,290.0,280,,1.5,20.0,100.0,9.870344333942874
P91,,1.0,20.0,10000.0,-10.0,-20,0,,20.0,10000.0,10.368101684497425
P92,,1.0,20.0,10000.0,-10.0,-20,,1.5,20.0,10000.0,10.358314090182017
P93,,1.0,20.0,10000.0,-10.0,-20,4,,20.0,10000.0,10.403808191656971
P94,,1.0,20.0,10000.0,-10.0,-20,,1.5,20.0,10000.0,10.358314090182017
P95,,1.0,20.0,10000.0,290.0,280,0,,20.0,10000.0,10.585245116968599
P96,,1.0,20.0,10000.0,290.0,280,,1.5,20.0,10000.0,10.577375458157261
P97,,1.0,20.0,10000.0,290.0,280,4,,20.0,10000.0,10.614081646699795
P98,,1.0,20.0,10000.0,290.0,280,,1.5,20.0,10000.0,10.577375458157261
P99,,1.0,20.0,10000.0,-10.0,-20,0,,20.0,10000.0,10.368101684497425
P100,,1.0,20.0,10000.0,-10.0,-20,,1.5,20.0,10000.0,10.358314090182017
P101,,1.0,20.0,10000.0,-10.0,-20,4,,20.0,10000.0,10.403808191656971
P102,,1.0,20.0,10000.0,-10.0,-20,,1.5,20.0,10000.0,10.358314090182017
P103,,1.0,20.0,10000.0,290.0,280,0,,20.0,10000.0,10.585245116968599
P104,,1.0,20.0,10000.0,290.0,280,,1.5,20.0,10000.0,10.577375458157261
P105,,1.0,20.0,10000.0,290.0,280,4,,20.0,10000.0,10.614081646699795
P106,,1.0,20.0,10000.0,290.0,280,,1.5,20.0,10000.0,10.577375458157261
P107,,3.0,2.0,100.0,-10.0,-20,0,,18.0,300.0,9.168893182062009
P108,,3.0,2.0,100.0,-10.0,-20,,1.5,18.0,300.0,9.238052810542719
P109,,3.0,2.0,100.0,-10.0,-20,4,,18.0,300.0,9.439943018351132
P110,,3.0,2.0,100.0,-10.0,-20,,1.5,18.0,300.0,9.238052810542719
P111,,3.0,2.0,100.0,290.0,280,0,,18.0,300.0,9.388570235866881
P112,,3.0,2.0,100.0,290.0,280,,1.5,18.0,300.0,9.444463427333401
P113,,3.0,2.0,100.0,290.0,280,4,,18.0,300.0,9.611663580917012
P114,,3.0,2.0,100.0,290.0,280,,1.5,18.0,300.0,9.444463427333401
P115,,3.0,2.0,100.0,-10.0,-20,0,,18.0,300.0,9.168893182062009
P116,,3.0,2.0,100.0,-10.0,-20,,1.5,18.0,300.0,9.238052810542719
P117,,3.0,2.0,100.0,-10.0,-20,4,,18.0,300.0,9.439943018351132
P118,,3.0,2.0,100.0,-10.0,-20,,1.5,18.0,300.0,9.238052810542719
P119,,3.0,2.0,100.0,290.0,280,0,,18.0,300.0,9.388570235866881
P120,,3.0,2.0,100.0,290.0,280,,1.5,18.0,300.0,9.444463427333401
P121,,3.0,2.0,100.0,290.0,280,4,,18.0,300.0,9.611663580917012
P122,,3.0,2.0,100.0,290.0,280,,1.5,18.0,300.0,9.444463427333401
P123,,3.0,2.0,10000.0,-10.0,-20,0,,18.0,30000.0,10.50023395880972
P124,,3.0,2.0,10000.0,-10.0,-20,,1.5,18.0,30000.0,10.510532034042662
P125,,3.0,2.0,10000.0,-10.0,-20,4,,18.0,30000.0,10.573877745973457
P126,,3.0,2.0,10000.0,-10.0,-20,,1.5,18.0,30000.0,10.510532034042662
P127,,3.0,2.0,10000.0,290.0,280,0,,18.0,30000.0,10.66578759178439
P128,,3.0,2.0,10000.0,290.0,280,,1.5,18.0,30000.0,10.67683127509035
P129,,3.0,2.0,10000.0,290.0,280,4,,18.0,30000.0,10.728539803976012
P130,,3.0,2.0,10000.0,290.0,280,,1.5,18.0,30000.0,10.67683127509035
P131,,3.0,2.0,10000.0,-10.0,-20,0,,18.0,30000.0,10.50023395880972
P132,,3.0,2.0,10000.0,-10.0,-20,,1.5,18.0,30000.0,10.510532034042662
P133,,3.0,2.0,10000.0,-10.0,-20,4,,18.0,30000.0,10.573877745973457
P134,,3.0,2.0,10000.0,-10.0,-20,,1.5,18.0,30000.0,10.510532034042662
P135,,3.0,2.0,10000.0,290.0,280,0,,18.0,30000.0,10.66578759178439
P136,,3.0,2.0,10000.0,290.0,280,,1.5,18.0,30000.0,10.67683127509035
P137,,3.0,2.0,10000.0,290.0,280,4,,18.0,30000.0,10.728539803976012
P138,,3.0,2.0,10000.0,290.0,280,,1.5,18.0,30000.0,10.67683127509035
P139,,3.0,11.0,100.0,-10.0,-20,0,,99.0,300.0,10.23037831883819
P140,,3.0,11.0,100.0,-10.0,-20,,1.5,99.0,300.0,10.207289006867793
P141,,3.0,11.0,100.0,-10.0,-20,4,,99.0,300.0,10.271596874100524
P142,,3.0,11.0,100.0,-10.0,-20,,1.5,99.0,300.0,10.207289006867793
P143,,3.0,11.0,100.0,290.0,280,0,,99.0,300.0,10.383905513880693
P144,,3.0,11.0,100.0,290.0,280,,1.5,99.0,300.0,10.364135049357838
P145,,3.0,11.0,100.0,290.0,280,4,,99.0,300.0,10.419360417523633
P146,,3.0,11.0,100.0,290.0,280,,1.5,99.0,300.0,10.364135049357838
P147,,3.0,11.0,100.0,-10.0,-20,0,,99.0,300.0,10.23037831883819
P148,,3.0,11.0,100.0,-10.0,-20,,1.5,99.0,300.0,10.207289006867793
P149,,3.0,11.0,100.0,-10.0,-20,4,,99.0,300.0,10.271596874100524
P150,,3.0,11.0,100.0,-10.0,-20,,1.5,99.0,300.0,10.207289006867793
P151,,3.0,11.0,100.0,290.0,280,0,,99.0,300.0,10.383905513880693
P152,,3.0,11.0,100.0,290.0,280,,1.5,99.0,300.0,10.364135049357838
P153,,3.0,11.0,100.0,290.0,280,4,,99.0,300.0,10.419360417523633
P154,,3.0,11.0,100.0,290.0,280,,1.5,99.0,300.0,10.364135049357838
P155,,3.0,11.0,10000.0,-10.0,-20,0,,99.0,30000.0,11.68586144807233
P156,,3.0,11.0,10000.0,-10.0,-20,,1.5,99.0,30000.0,11.677108509060929
P157,,3.0,11.0,10000.0,-10.0,-20,4,,99.0,30000.0,11.709667544425413
P158,,3.0,11.0,10000.0,-10.0,-20,,1.5,99.0,30000.0,11.677108509060929
P159,,3.0,11.0,10000.0,290.0,280,0,,99.0,30000.0,11.857330439773929
P160,,3.0,11.0,10000.0,290.0,280,,1.5,99.0,30000.0,11.849961828156411
P161,,3.0,11.0,10000.0,290.0,280,4,,99.0,30000.0,11.878117039237189
P162,,3.0,11.0,10000.0,290.0,280,,1.5,99.0,30000.0,11.849961828156411
P163,,3.0,11.0,10000.0,-10.0,-20,0,,99.0,30000.0,11.68586144807233
P164,,3.0,11.0,10000.0,-10.0,-20,,1.5,99.0,30000.0,11.677108509060929
P165,,3.0,11.0,10000.0,-10.0,-20,4,,99.0,30000.0,11.709667544425413
P166,,3.0,11.0,10000.0,-10.0,-20,,1.5,99.0,30000.0,11.677108509060929
P167,,3.0,11.0,10000.0,290.0,280,0,,99.0,30000.0,11.857330439773929
P168,,3.0,11.0,10000.0,290.0,280,,1.5,99.0,30000.0,11.849961828156411
P169,,3.0,11.0,10000.0,290.0,280,4,,99.0,30000.0,11.878117039237189
P170,,3.0,11.0,10000.0,290.0,280,,1.5,99.0,30000.0,11.849961828156411
P171,,3.0,20.0,100.0,-10.0,-20,0,,180.0,300.0,10.608563303961347
P172,,3.0,20.0,100.0,-10.0,-20,,1.5,180.0,300.0,10.583524163945977
P173,,3.0,20.0,100.0,-10.0,-20,4,,180.0,300.0,10.646519536025071
P174,,3.0,20.0,100.0,-10.0,-20,,1.5,180.0,300.0,10.583524163945977
P175,,3.0,20.0,100.0,290.0,280,0,,180.0,300.0,10.756284550625612
P176,,3.0,20.0,100.0,290.0,280,,1.5,180.0,300.0,10.734721359869923
P177,,3.0,20.0,100.0,290.0,280,4,,180.0,300.0,10.789112870099398
P178,,3.0,20.0,100.0,290.0,280,,1.5,180.0,300.0,10.734721359869923
P179,,3.0,20.0,100.0,-10.0,-20,0,,180.0,300.0,10.608563303961347
P180,,3.0,20.0,100.0,-10.0,-20,,1.5,180.0,300.0,10.583524163945977
P181,,3.0,20.0,100.0,-10.0,-20,4,,180.0,300.0,10.646519536025071
P182,,3.0,20.0,100.0,-10.0,-20,,1.5,180.0,300.0,10.583524163945977
P183,,3.0,20.0,100.0,290.0,280,0,,180.0,300.0,10.756284550625612
P184,,3.0,20.0,100.0,290.0,280,,1.5,180.0,300.0,10.734721359869923
P185,,3.0,20.0,100.0,290.0,280,4,,180.0,300.0,10.789112870099398
P186,,3.0,20.0,100.0,290.0,280,,1.5,180.0,300.0,10.734721359869923
P187,,3.0,20.0,10000.0,-10.0,-20,0,,180.0,30000.0,12.164338777045867
P188,,3.0,20.0,10000.0,-10.0,-20,,1.5,180.0,30000.0,12.155894518585892
P189,,3.0,20.0,10000.0,-10.0,-20,4,,180.0,30000.0,12.176535693049921
P190,,3.0,20.0,10000.0,-10.0,-20,,1.5,180.0,30000.0,12.155894518585892
P191,,3.0,20.0,10000.0,290.0,280,0,,180.0,30000.0,12.324228944848342
P192,,3.0,20.0,10000.0,290.0,280,,1.5,180.0,30000.0,12.317484315966333
P193,,3.0,20.0,10000.0,290.0,280,4,,180.0,30000.0,12.336003815122204
P194,,3.0,20.0,10000.0,290.0,280,,1.5,180.0,30000.0,12.317484315966333
P195,,3.0,20.0,10000.0,-10.0,-20,0,,180.0,30000.0,12.164338777045867
P196,,3.0,20.0,10000.0,-10.0,-20,,1.5,180.0,30000.0,12.155894518585892
P197,,3.0,20.0,10000.0,-10.0,-20,4,,180.0,30000.0,12.176535693049921
P198,,3.0,20.0,10000.0,-10.0,-20,,1.5,180.0,30000.0,12.155894518585892
P199,,3.0,20.0,10000.0,290.0,280,0,,180.0,30000.0,12.324228944848342
P200,,3.0,20.0,10000.0,290.0,280,,1.5,180.0,30000.0,12.317484315966333
P201,,3.0,20.0,10000.0,290.0,280,4,,180.0,30000.0,12.336003815122204
P202,,3.0,20.0,10000.0,290.0,280,,1.5,180.0,30000.0,12.317484315966333
P203,,5.0,2.0,100.0,-10.0,-20,0,,50.0,500.0,9.80272754938498
P204,,5.0,2.0,100.0,-10.0,-20,,1.5,50.0,500.0,9.897570078772091
P205,,5.0,2.0,100.0,-10.0,-20,4,,50.0,500.0,10.105693432635459
P206,,5.0,2.0,100.0,-10.0,-20,,1.5,50.0,500.0,9.897570078772091
P207,,5.0,2.0,100.0,290.0,280,0,,50.0,500.0,9.965898812657525
P208,,5.0,2.0,100.0,290.0,280,,1.5,50.0,500.0,10.047024967532325
P209,,5.0,2.0,100.0,290.0,280,4,,50.0,500.0,10.228718267933687
P210,,5.0,2.0,100.0,290.0,280,,1.5,50.0,500.0,10.047024967532325
P211,,5.0,2.0,100.0,-10.0,-20,0,,50.0,500.0,9.80272754938498
P212,,5.0,2.0,100.0,-10.0,-20,,1.5,50.0,500.0,9.897570078772091
P213,,5.0,2.0,100.0,-10.0,-20,4,,50.0,500.0,10.105693432635459
P214,,5.0,2.0,100.0,-10.0,-20,,1.5,50.0,500.0,9.897570078772091
P215,,5.0,2.0,100.0,290.0,280,0,,50.0,500.0,9.965898812657525
P216,,5.0,2.0,100.0,290.0,280,,1.5,50.0,500.0,10.047024967532325
P217,,5.0,2.0,100.0,290.0,280,4,,50.0,500.0,10.228718267933687
P218,,5.0,2.0,100.0,290.0,280,,1.5,50.0,500.0,10.047024967532325
P219,,5.0,2.0,10000.0,-10.0,-20,0,,50.0,50000.0,11.587466914587589
P220,,5.0,2.0,10000.0,-10.0,-20,,1.5,50.0,50000.0,11.591505565093085
P221,,5.0,2.0,10000.0,-10.0,-20,4,,50.0,50000.0,11.641978092884843
P222,,5.0,2.0,10000.0,-10.0,-20,,1.5,50.0,50000.0,11.591505565093085
P223,,5.0,2.0,10000.0,290.0,280,0,,50.0,50000.0,11.75062653949142
P224,,5.0,2.0,10000.0,290.0,280,,1.5,50.0,50000.0,11.754058235643996
P225,,5.0,2.0,10000.0,290.0,280,4,,50.0,50000.0,11.79711895940365
P226,,5.0,2.0,10000.0,290.0,280,,1.5,50.0,50000.0,11.754058235643996
P227,,5.0,2.0,10000.0,-10.0,-20,0,,50.0,50000.0,11.587466914587589
P228,,5.0,2.0,10000.0,-10.0,-20,,1.5,50.0,50000.0,11.591505565093085
P229,,5.0,2.0,10000.0,-10.0,-20,4,,50.0,50000.0,11.641978092884843
P230,,5.0,2.0,10000.0,-10.0,-20,,1.5,50.0,50000.0,11.591505565093085
P231,,5.0,2.0,10000.0,290.0,280,0,,50.0,50000.0,11.75062653949142
P232,,5.0,2.0,10000.0,290.0,280,,1.5,50.0,50000.0,11.754058235643996
P233,,5.0,2.0,10000.0,290.0,280,4,,50.0,50000.0,11.79711895940365
P234,,5.0,2.0,10000.0,290.0,280,,1.5,50.0,50000.0,11.754058235643996
P235,,5.0,11.0,100.0,-10.0,-20,0,,275.0,500.0,10.700566728905104
P236,,5.0,11.0,100.0,-10.0,-20,,1.5,275.0,500.0,10.687115086224448
P237,,5.0,11.0,100.0,-10.0,-20,4,,275.0,500.0,10.80948549492485
P238,,5.0,11.0,100.0,-10.0,-20,,1.5,275.0,500.0,10.687115086224448
P239,,5.0,11.0,100.0,290.0,280,0,,275.0,500.0,10.844373331265663
P240,,5.0,11.0,100.0,290.0,280,,1.5,275.0,500.0,10.832733995570498
P241,,5.0,11.0,100.0,290.0,280,4,,275.0,500.0,10.939373011295933
P242,,5.0,11.0,100.0,290.0,280,,1.5,275.0,500.0,10.832733995570498
P243,,5.0,11.0,100.0,-10.0,-20,0,,275.0,500.0,10.700566728905104
P244,,5.0,11.0,100.0,-10.0,-20,,1.5,275.0,500.0,10.687115086224448
P245,,5.0,11.0,100.0,-10.0,-20,4,,275.0,500.0,10.80948549492485
P246,,5.0,11.0,100.0,-10.0,-20,,1.5,275.0,500.0,10.687115086224448
P247,,5.0,11.0,100.0,290.0,280,0,,275.0,500.0,10.844373331265663
P248,,5.0,11.0,100.0,290.0,280,,1.5,275.0,500.0,10.832733995570498
P249,,5.0,11.0,100.0,290.0,280,4,,275.0,500.0,10.939373011295933
P250,,5.0,11.0,100.0,290.0,280,,1.5,275.0,500.0,10.832733995570498
P251,,5.0,11.0,10000.0,-10.0,-20,0,,275.0,50000.0,12.671905087457093
P252,,5.0,11.0,10000.0,-10.0,-20,,1.5,275.0,50000.0,12.661971011633923
P253,,5.0,11.0,10000.0,-10.0,-20,4,,275.0,50000.0,12.68762804541188
P254,,5.0,11.0,10000.0,-10.0,-20,,1.5,275.0,50000.0,12.661971011633923
P255,,5.0,11.0,10000.0,290.0,280,0,,275.0,50000.0,12.833261631025568
P256,,5.0,11.0,10000.0,290.0,280,,1.5,275.0,50000.0,12.820844685586604
P257,,5.0,11.0,10000.0,290.0,280,4,,275.0,50000.0,12.842773805496657
P258,,5.0,11.0,10000.0,290.0,280,,1.5,275.0,50000.0,12.820844685586604
P259,,5.0,11.0,10000.0,-10.0,-20,0,,275.0,50000.0,12.671905087457093
P260,,5.0,11.0,10000.0,-10.0,-20,,1.5,275.0,50000.0,12.661971011633923
P261,,5.0,11.0,10000.0,-10.0,-20,4,,275.0,50000.0,12.68762804541188
P262,,5.0,11.0,10000.0,-10.0,-20,,1.5,275.0,50000.0,12.661971011633923
P263,,5.0,11.0,10000.0,290.0,280,0,,275.0,50000.0,12.833261631025568
P264,,5.0,11.0,10000.0,290.0,280,,1.5,275.0,50000.0,12.820844685586604
P265,,5.0,11.0,10000.0,290.0,280,4,,275.0,50000.0,12.842773805496657
P266,,5.0,11.0,10000.0,290.0,280,,1.5,275.0,50000.0,12.820844685586604
P267,,5.0,20.0,100.0,-10.0,-20,0,,500.0,500.0,11.213589077374968
P268,,5.0,20.0,100.0,-10.0,-20,,1.5,500.0,500.0,11.181319369456498
P269,,5.0,20.0,100.0,-10.0,-20,4,,500.0,500.0,11.254724521840616
P270,,5.0,20.0,100.0,-10.0,-20,,1.5,500.0,500.0,11.181319369456498
P271,,5.0,20.0,100.0,290.0,280,0,,500.0,500.0,11.34773237485474
P272,,5.0,20.0,100.0,290.0,280,,1.5,500.0,500.0,11.31957127184177
P273,,5.0,20.0,100.0,290.0,280,4,,500.0,500.0,11.383795799088267
P274,,5.0,20.0,100.0,290.0,280,,1.5,500.0,500.0,11.31957127184177
P275,,5.0,20.0,100.0,-10.0,-20,0,,500.0,500.0,11.213589077374968
P276,,5.0,20.0,100.0,-10.0,-20,,1.5,500.0,500.0,11.181319369456498
P277,,5.0,20.0,100.0,-10.0,-20,4,,500.0,500.0,11.254724521840616
P278,,5.0,20.0,100.0,-10.0,-20,,1.5,500.0,500.0,11.181319369456498
P279,,5.0,20.0,100.0,290.0,280,0,,500.0,500.0,11.34773237485474
P280,,5.0,20.0,100.0,290.0,280,,1.5,500.0,500.0,11.31957127184177
P281,,5.0,20.0,100.0,290.0,280,4,,500.0,500.0,11.383795799088267
P282,,5.0,20.0,100.0,290.0,280,,1.5,500.0,500.0,11.31957127184177
P283,,5.0,20.0,10000.0,-10.0,-20,0,,500.0,50000.0,13.201390800620214
P284,,5.0,20.0,10000.0,-10.0,-20,,1.5,500.0,50000.0,13.187926373588088
P285,,5.0,20.0,10000.0,-10.0,-20,4,,500.0,50000.0,13.203661296969706
P286,,5.0,20.0,10000.0,-10.0,-20,,1.5,500.0,50000.0,13.187926373588088
P287,,5.0,20.0,10000.0,290.0,280,0,,500.0,50000.0,13.348846944650099
P288,,5.0,20.0,10000.0,290.0,280,,1.5,500.0,50000.0,13.337239245419626
P289,,5.0,20.0,10000.0,290.0,280,4,,500.0,50000.0,13.353306830243175
P290,,5.0,20.0,10000.0,290.0,280,,1.5,500.0,50000.0,13.337239245419626
P291,,5.0,20.0,10000.0,-10.0,-20,0,,500.0,50000.0,13.201390800620214
P292,,5.0,20.0,10000.0,-10.0,-20,,1.5,500.0,50000.0,13.187926373588088
P293,,5.0,20.0,10000.0,-10.0,-20,4,,500.0,50000.0,13.203661296969706
P294,,5.0,20.0,10000.0,-10.0,-20,,1.5,500.0,50000.0,13.187926373588088
P295,,5.0,20.0,10000.0,290.0,280,0,,500.0,50000.0,13.348846944650099
P296,,5.0,20.0,10000.0,290.0,280,,1.5,500.0,50000.0,13.337239245419626
P297,,5.0,20.0,10000.0,290.0,280,4,,500.0,50000.0,13.353306830243175
P298,,5.0,20.0,10000.0,290.0,280,,1.5,500.0,50000.0,13.337239245419626
P299,,1.0,2.0,100.0,-10.0,-20,0,,2.0,100.0,8.483636407887394
P300,,1.0,2.0,100.0,-10.0,-20,,1.5,2.0,100.0,8.368925174747135
P301,,1.0,2.0,100.0,-10.0,-20,4,,2.0,100.0,8.560827228436299
P302,,1.0,2.0,100.0,-10.0,-20,,1.5,2.0,100.0,8.368925174747135
P303,,1.0,2.0,100.0,290.0,280,0,,2.0,100.0,8.627660644442209
P304,,1.0,2.0,100.0,290.0,280,,1.5,2.0,100.0,8.52912176228151
P305,,1.0,2.0,100.0,290.0,280,4,,2.0,100.0,8.69483715865908
P306,,1.0,2.0,100.0,290.0,280,,1.5,2.0,100.0,8.52912176228151
P307,,1.0,2.0,100.0,-10.0,-20,0,,2.0,100.0,8.483636407887394
P308,,1.0,2.0,100.0,-10.0,-20,,1.5,2.0,100.0,8.368925174747135
P309,,1.0,2.0,100.0,-10.0,-20,4,,2.0,100.0,8.560827228436299
P310,,1.0,2.0,100.0,-10.0,-20,,1.5,2.0,100.0,8.368925174747135
P311,,1.0,2.0,100.0,290.0,280,0,,2.0,100.0,8.627660644442209
P312,,1.0,2.0,100.0,290.0,280,,1.5,2.0,100.0,8.52912176228151
P313,,1.0,2.0,100.0,290.0,280,4,,2.0,100.0,8.69483715865908
P314,,1.0,2.0,100.0,290.0,280,,1.5,2.0,100.0,8.52912176228151
P315,,1.0,2.0,10000.0,-10.0,-20,0,,2.0,10000.0,8.878218658092228
P316,,1.0,2.0,10000.0,-10.0,-20,,1.5,2.0,10000.0,8.814330422638774
P317,,1.0,2.0,10000.0,-10.0,-20,4,,2.0,10000.0,8.936166649549195
P318,,1.0,2.0,10000.0,-10.0,-20,,1.5,2.0,10000.0,8.814330422638774
P319,,1.0,2.0,10000.0,290.0,280,0,,2.0,10000.0,9.106312301552135
P320,,1.0,2.0,10000.0,290.0,280,,1.5,2.0,10000.0,9.044049632254756
P321,,1.0,2.0,10000.0,290.0,280,4,,2.0,10000.0,9.142061531222888
P322,,1.0,2.0,10000.0,290.0,280,,1.5,2.0,10000.0,9.044049632254756
P323,,1.0,2.0,10000.0,-10.0,-20,0,,2.0,10000.0,8.878218658092228
P324,,1.0,2.0,10000.0,-10.0,-20,,1.5,2.0,10000.0,8.814330422638774
P325,,1.0,2.0,10000.0,-10.0,-20,4,,2.0,10000.0,8.936166649549195
P326,,1.0,2.0,10000.0,-10.0,-20,,1.5,2.0,10000.0,8.814330422638774
P327,,1.0,2.0,10000.0,290.0,280,0,,2.0,10000.0,9.106312301552135
P328,,1.0,2.0,10000.0,290.0,280,,1.5,2.0,10000.0,9.044049632254756
P329,,1.0,2.0,10000.0,290.0,280,4,,2.0,10000.0,9.142061531222888
P330,,1.0,2.0,10000.0,290.0,280,,1.5,2.0,10000.0,9.044049632254756
P331,,1.0,11.0,100.0,-10.0,-20,0,,11.0,100.0,9.359363643368622
P332,,1.0,11.0,100.0,-10.0,-20,,1.5,11.0,100.0,9.311361486034912
P333,,1.0,11.0,100.0,-10.0,-20,4,,11.0,100.0,9.381179591661104
P334,,1.0,11.0,100.0,-10.0,-20,,1.5,11.0,100.0,9.311361486034912
P335,,1.0,11.0,100.0,290.0,280,0,,11.0,100.0,9.524640032332234
P336,,1.0,11.0,100.0,290.0,280,,1.5,11.0,100.0,9.484100989086919
P337,,1.0,11.0,100.0,290.0,280,4,,11.0,100.0,9.543163100092235
P338,,1.0,11.0,100.0,290.0,280,,1.5,11.0,100.0,9.484100989086919
P339,,1.0,11.0,100.0,-10.0,-20,0,,11.0,100.0,9.359363643368622
P340,,1.0,11.0,100.0,-10.0,-20,,1.5,11.0,100.0,9.311361486034912
P341,,1.0,11.0,100.0,-10.0,-20,4,,11.0,100.0,9.381179591661104
P342,,1.0,11.0,100.0,-10.0,-20,,1.5,11.0,100.0,9.311361486034912
P343,,1.0,11.0,100.0,290.0,280,0,,11.0,100.0,9.524640032332234
P344,,1.0,11.0,100.0,290.0,280,,1.5,11.0,100.0,9.484100989086919
P345,,1.0,11.0,100.0,290.0,280,4,,11.0,100.0,9.543163100092235
P346,,1.0,11.0,100.0,290.0,280,,1.5,11.0,100.0,9.484100989086919
P347,,1.0,11.0,10000.0,-10.0,-20,0,,11.0,10000.0,9.929398934320629
P348,,1.0,11.0,10000.0,-10.0,-20,,1.5,11.0,10000.0,9.906134047477034
P349,,1.0,11.0,10000.0,-10.0,-20,4,,11.0,10000.0,9.973619774716505
P350,,1.0,11.0,10000.0,-10.0,-20,,1.5,11.0,10000.0,9.906134047477034
P351,,1.0,11.0,10000.0,290.0,280,0,,11.0,10000.0,10.168502147925643
P352,,1.0,11.0,10000.0,290.0,280,,1.5,11.0,10000.0,10.150230436100662
P353,,1.0,11.0,10000.0,290.0,280,4,,11.0,10000.0,10.203481027702058
P354,,1.0,11.0,10000.0,290.0,280,,1.5,11.0,10000.0,10.150230436100662
P355,,1.0,11.0,10000.0,-10.0,-20,0,,11.0,10000.0,9.929398934320629
P356,,1.0,11.0,10000.0,-10.0,-20,,1.5,11.0,10000.0,9.906134047477034
P357,,1.0,11.0,10000.0,-10.0,-20,4,,11.0,10000.0,9.973619774716505
P358,,1.0,11.0,10000.0,-10.0,-20,,1.5,11.0,10000.0,9.906134047477034
P359,,1.0,11.0,10000.0,290.0,280,0,,11.0,10000.0,10.168502147925643
P360,,1.0,11.0,10000.0,290.0,280,,1.5,11.0,10000.0,10.150230436100662
P361,,1.0,11.0,10000.0,290.0,280,4,,11.0,10000.0,10.203481027702058
P362,,1.0,11.0,10000.0,290.0,280,,1.5,11.0,10000.0,10.150230436100662
P363,,1.0,20.0,100.0,-10.0,-20,0,,20.0,100.0,9.712569148516655
P364,,1.0,20.0,100.0,-10.0,-20,,1.5,20.0,100.0,9.711963784977375
P365,,1.0,20.0,100.0,-10.0,-20,4,,20.0,100.0,9.757362911053992
P366,,1.0,20.0,100.0,-10.0,-20,,1.5,20.0,100.0,9.711963784977375
P367,,1.0,20.0,100.0,290.0,280,0,,20.0,100.0,9.870861049709035
P368,,1.0,20.0,100.0,290.0,280,,1.5,20.0,100.0,9.870344333942874
P369,,1.0,20.0,100.0,290.0,280,4,,20.0,100.0,9.909221084383889
P370,,1.0,20.0,100.0,290.0,280,,1.5,20.0,100.0,9.870344333942874
P371,,1.0,20.0,100.0,-10.0,-20,0,,20.0,100.0,9.712569148516655
P372,,1.0,20.0,100.0,-10.0,-20,,1.5,20.0,100.0,9.711963784977375
P373,,1.0,20.0,100.0,-10.0,-20,4,,20.0,100.0,9.757362911053992
P374,,1.0,20.0,100.0,-10.0,-20,,1.5,20.0,100.0,9.711963784977375
P375,,1.0,20.0,100.0,290.0,280,0,,20.0,100.0,9.870861049709035
P376,,1.0,20.0,100.0,290.0,280,,1.5,20.0,100.0,9.870344333942874
P377,,1.0,20.0,100.0,290.0,280,4,,20.0,100.0,9.909221084383889
P378,,1.0,20.0,100.0,290.0,280,,1.5,20.0,100.0,9.870344333942874
P379,,1.0,20.0,10000.0,-10.0,-20,0,,20.0,10000.0,10.368101684497425
P380,,1.0,20.0,10000.0,-10.0,-20,,1.5,20.0,10000.0,10.358314090182017
P381,,1.0,20.0,10000.0,-10.0,-20,4,,20.0,10000.0,10.403808191656971
P382,,1.0,20.0,10000.0,-10.0,-20,,1.5,20.0,10000.0,10.358314090182017
P383,,1.0,20.0,10000.0,290.0,280,0,,20.0,10000.0,10.585245116968599
P384,,1.0,20.0,10000.0,290.0,280,,1.5,20.0,10000.0,10.577375458157261
P385,,1.0,20.0,10000.0,290.0,280,4,,20.0,10000.0,10.614081646699795
P386,,1.0,20.0,10000.0,290.0,280,,1.5,20.0,10000.0,10.577375458157261
P387,,1.0,20.0,10000.0,-10.0,-20,0,,20.0,10000.0,10.368101684497425
P388,,1.0,20.0,10000.0,-10.0,-20,,1.5,20.0,10000.0,10.358314090182017
P389,,1.0,20.0,10000.0,-10.0,-20,4,,20.0,10000.0,10.403808191656971
P390,,1.0,20.0,10000.0,-10.0,-20,,1.5,20.0,10000.0,10.358314090182017
P391,,1.0,20.0,10000.0,290.0,280,0,,20.0,10000.0,10.585245116968599
P392,,1.0,20.0,10000.0,290.0,280,,1.5,20.0,10000.0,10.577375458157261
P393,,1.0,20.0,10000.0,290.0,280,4,,20.0,10000.0,10.614081646699795
P394,,1.0,20.0,10000.0,290.0,280,,1.5,20.0,10000.0,10.577375458157261
P395,,3.0,2.0,100.0,-10.0,-20,0,,18.0,300.0,9.168893182062009
P396,,3.0,2.0,100.0,-10.0,-20,,1.5,18.0,300.0,9.238052810542719
P397,,3.0,2.0,100.0,-10.0,-20,4,,18.0,300.0,9.439943018351132
P398,,3.0,2.0,100.0,-10.0,-20,,1.5,18.0,300.0,9.238052810542719
P399,,3.0,2.0,100.0,290.0,280,0,,18.0,300.0,9.388570235866881
P400,,3.0,2.0,100.0,290.0,280,,1.5,18.0,300.0,9.444463427333401
P401,,3.0,2.0,100.0,290.0,280,4,,18.0,300.0,9.611663580917012
P402,,3.0,2.0,100.0,290.0,280,,1.5,18.0,300.0,9.444463427333401
P403,,3.0,2.0,100.0,-10.0,-20,0,,18.0,300.0,9.168893182062009
P404,,3.0,2.0,100.0,-10.0,-20,,1.5,18.0,300.0,9.238052810542719
P405,,3.0,2.0,100.0,-10.0,-20,4,,18.0,300.0,9.439943018351132
P406,,3.0,2.0,100.0,-10.0,-20,,1.5,18.0,300.0,9.238052810542719
P407,,3.0,2.0,100.0,290.0,280,0,,18.0,300.0,9.388570235866881
P408,,3.0,2.0,100.0,290.0,280,,1.5,18.0,300.0,9.444463427333401
P409,,3.0,2.0,100.0,290.0,280,4,,18.0,300.0,9.611663580917012
P410,,3.0,2.0,100.0,290.0,280,,1.5,18.0,300.0,9.444463427333401
P411,,3.0,2.0,10000.0,-10.0,-20,0,,18.0,30000.0,10.50023395880972
P412,,3.0,2.0,10000.0,-10.0,-20,,1.5,18.0,30000.0,10.510532034042662
P413,,3.0,2.0,10000.0,-10.0,-20,4,,18.0,30000.0,10.573877745973457
P414,,3.0,2.0,10000.0,-10.0,-20,,1.5,18.0,30000.0,10.510532034042662
P415,,3.0,2.0,10000.0,290.0,280,0,,18.0,30000.0,10.66578759178439
P416,,3.0,2.0,10000.0,290.0,280,,1.5,18.0,30000.0,10.67683127509035
P417,,3.0,2.0,10000.0,290.0,280,4,,18.0,30000.0,10.728539803976012
P418,,3.0,2.0,10000.0,290.0,280,,1.5,18.0,30000.0,10.67683127509035
P419,,3.0,2.0,10000.0,-10.0,-20,0,,18.0,30000.0,10.50023395880972
P420,,3.0,2.0,10000.0,-10.0,-20,,1.5,18.0,30000.0,10.510532034042662
P421,,3.0,2.0,10000.0,-10.0,-20,4,,18.0,30000.0,10.573877745973457
P422,,3.0,2.0,10000.0,-10.0,-20,,1.5,18.0,30000.0,10.510532034042662
P423,,3.0,2.0,10000.0,290.0,280,0,,18.0,30000.0,10.66578759178439
P424,,3.0,2.0,10000.0,290.0,280,,1.5,18.0,30000.0,10.67683127509035
P425,,3.0,2.0,10000.0,290.0,280,4,,18.0,30000.0,10.728539803976012
P426,,3.0,2.0,10000.0,290.0,280,,1.5,18.0,30000.0,10.67683127509035
P427,,3.0,11.0,100.0,-10.0,-20,0,,99.0,300.0,10.23037831883819
P428,,3.0,11.0,100.0,-10.0,-20,,1.5,99.0,300.0,10.207289006867793
P429,,3.0,11.0,100.0,-10.0,-20,4,,99.0,300.0,10.271596874100524
P430,,3.0,11.0,100.0,-10.0,-20,,1.5,99.0,300.0,10.207289006867793
P431,,3.0,11.0,100.0,290.0,280,0,,99.0,300.0,10.383905513880693
P432,,3.0,11.0,100.0,290.0,280,,1.5,99.0,300.0,10.364135049357838
P433,,3.0,11.0,100.0,290.0,280,4,,99.0,300.0,10.419360417523633
P434,,3.0,11.0,100.0,290.0,280,,1.5,99.0,300.0,10.364135049357838
P435,,3.0,11.0,100.0,-10.0,-20,0,,99.0,300.0,10.23037831883819
P436,,3.0,11.0,100.0,-10.0,-20,,1.5,99.0,300.0,10.207289006867793
P437,,3.0,11.0,100.0,-10.0,-20,4,,99.0,300.0,10.271596874100524
P438,,3.0,11.0,100.0,-10.0,-20,,1.5,99.0,300.0,10.207289006867793
P439,,3.0,11.0,100.0,290.0,280,0,,99.0,300.0,10.383905513880693
P440,,3.0,11.0,100.0,290.0,280,,1.5,99.0,300.0,10.364135049357838
P441,,3.0,11.0,100.0,290.0,280,4,,99.0,300.0,10.419360417523633
P442,,3.0,11.0,100.0,290.0,280,,1.5,99.0,300.0,10.364135049357838
P443,,3.0,11.0,10000.0,-10.0,-20,0,,99.0,30000.0,11.68586144807233
P444,,3.0,11.0,10000.0,-10.0,-20,,1.5,99.0,30000.0,11.677108509060929
P445,,3.0,11.0,10000.0,-10.0,-20,4,,99.0,30000.0,11.709667544425413
P446,,3.0,11.0,10000.0,-10.0,-20,,1.5,99.0,30000.0,11.677108509060929
P447,,3.0,11.0,10000.0,290.0,280,0,,99.0,30000.0,11.857330439773929
P448,,3.0,11.0,10000.0,290.0,280,,1.5,99.0,30000.0,11.849961828156411
P449,,3.0,11.0,10000.0,290.0,280,4,,99.0,30000.0,11.878117039237189
P450,,3.0,11.0,10000.0,290.0,280,,1.5,99.0,30000.0,11.849961828156411
P451,,3.0,11.0,10000.0,-10.0,-20,0,,99.0,30000.0,11.68586144807233
P452,,3.0,11.0,10000.0,-10.0,-20,,1.5,99.0,30000.0,11.677108509060929
P453,,3.0,11.0,10000.0,-10.0,-20,4,,99.0,30000.0,11.709667544425413
P454,,3.0,11.0,10000.0,-10.0,-20,,1.5,99.0,30000.0,11.677108509060929
P455,,3.0,11.0,10000.0,290.0,280,0,,99.0,30000.0,11.857330439773929
P456,,3.0,11.0,10000.0,290.0,280,,1.5,99.0,30000.0,11.849961828156411
P457,,3.0,11.0,10000.0,290.0,280,4,,99.0,30000.0,11.878117039237189
P458,,3.0,11.0,10000.0,290.0,280,,1.5,99.0,30000.0,11.849961828156411
P459,,3.0,20.0,100.0,-10.0,-20,0,,180.0,300.0,10.608563303961347
P460,,3.0,20.0,100.0,-10.0,-20,,1.5,180.0,300.0,10.583524163945977
P461,,3.0,20.0,100.0,-10.0,-20,4,,180.0,300.0,10.646519536025071
P462,,3.0,20.0,100.0,-10.0,-20,,1.5,180.0,300.0,10.583524163945977
P463,,3.0,20.0,100.0,290.0,280,0,,180.0,300.0,10.756284550625612
P464,,3.0,20.0,100.0,290.0,280,,1.5,180.0,300.0,10.734721359869923
P465,,3.0,20.0,100.0,290.0,280,4,,180.0,300.0,10.789112870099398
P466,,3.0,20.0,100.0,290.0,280,,1.5,180.0,300.0,10.734721359869923
P467,,3.0,20.0,100.0,-10.0,-20,0,,180.0,300.0,10.608563303961347
P468,,3.0,20.0,100.0,-10.0,-20,,1.5,180.0,300.0,10.583524163945977
P469,,3.0,20.0,100.0,-10.0,-20,4,,180.0,300.0,10.646519536025071
P470,,3.0,20.0,100.0,-10.0,-20,,1.5,180.0,300.0,10.583524163945977
P471,,3.0,20.0,100.0,290.0,280,0,,180.0,300.0,10.756284550625612
P472,,3.0,20.0,100.0,290.0,280,,1.5,180.0,300.0,10.734721359869923
P473,,3.0,20.0,100.0,290.0,280,4,,180.0,300.0,10.789112870099398
P474,,3.0,20.0,100.0,290.0,280,,1.5,180.0,300.0,10.734721359869923
P475,,3.0,20.0,10000.0,-10.0,-20,0,,180.0,30000.0,12.164338777045867
P476,,3.0,20.0,10000.0,-10.0,-20,,1.5,180.0,30000.0,12.155894518585892
P477,,3.0,20.0,10000.0,-10.0,-20,4,,180.0,30000.0,12.176535693049921
P478,,3.0,20.0,10000.0,-10.0,-20,,1.5,180.0,30000.0,12.155894518585892
P479,,3.0,20.0,10000.0,290.0,280,0,,180.0,30000.0,12.324228944848342
P480,,3.0,20.0,10000.0,290.0,280,,1.5,180.0,30000.0,12.317484315966333
P481,,3.0,20.0,10000.0,290.0,280,4,,180.0,30000.0,12.336003815122204
P482,,3.0,20.0,10000.0,290.0,280,,1.5,180.0,30000.0,12.317484315966333
P483,,3.0,20.0,10000.0,-10.0,-20,0,,180.0,30000.0,12.164338777045867
P484,,3.0,20.0,10000.0,-10.0,-20,,1.5,180.0,30000.0,12.155894518585892
P485,,3.0,20.0,10000.0,-10.0,-20,4,,180.0,30000.0,12.176535693049921
P486,,3.0,20.0,10000.0,-10.0,-20,,1.5,180.0,30000.0,12.155894518585892
P487,,3.0,20.0,10000.0,290.0,280,0,,180.0,30000.0,12.324228944848342
P488,,3.0,20.0,10000.0,290.0,280,,1.5,180.0,30000.0,12.317484315966333
P489,,3.0,20.0,10000.0,290.0,280,4,,180.0,30000.0,12.336003815122204
P490,,3.0,20.0,10000.0,290.0,280,,1.5,180.0,30000.0,12.317484315966333
P491,,5.0,2.0,100.0,-10.0,-20,0,,50.0,500.0,9.80272754938498
P492,,5.0,2.0,100.0,-10.0,-20,,1.5,50.0,500.0,9.897570078772091
P493,,5.0,2.0,100.0,-10.0,-20,4,,50.0,500.0,10.105693432635459
P494,,5.0,2.0,100.0,-10.0,-20,,1.5,50.0,500.0,9.897570078772091
P495,,5.0,2.0,100.0,290.0,280,0,,50.0,500.0,9.965898812657525
P496,,5.0,2.0,100.0,290.0,280,,1.5,50.0,500.0,10.047024967532325
P497,,5.0,2.0,100.0,290.0,280,4,,50.0,500.0,10.228718267933687
P498,,5.0,2.0,100.0,290.0,280,,1.5,50.0,500.0,10.047024967532325
P499,,5.0,2.0,100.0,-10.0,-20,0,,50.0,500.0,9.80272754938498
P500,,5.0,2.0,100.0,-10.0,-20,,1.5,50.0,500.0,9.897570078772091
P501,,5.0,2.0,100.0,-10.0,-20,4,,50.0,500.0,10.105693432635459
P502,,5.0,2.0,100.0,-10.0,-20,,1.5,50.0,500.0,9.897570078772091
P503,,5.0,2.0,100.0,290.0,280,0,,50.0,500.0,9.965898812657525
P504,,5.0,2.0,100.0,290.0,280,,1.5,50.0,500.0,10.047024967532325
P505,,5.0,2.0,100.0,290.0,280,4,,50.0,500.0,10.228718267933687
P506,,5.0,2.0,100.0,290.0,280,,1.5,50.0,500.0,10.047024967532325
P507,,5.0,2.0,10000.0,-10.0,-20,0,,50.0,50000.0,11.587466914587589
P508,,5.0,2.0,10000.0,-10.0,-20,,1.5,50.0,50000.0,11.591505565093085
P509,,5.0,2.0,10000.0,-10.0,-20,4,,50.0,50000.0,11.641978092884843
P510,,5.0,2.0,10000.0,-10.0,-20,,1.5,50.0,50000.0,11.591505565093085
P511,,5.0,2.0,10000.0,290.0,280,0,,50.0,50000.0,11.75062653949142
P512,,5.0,2.0,10000.0,290.0,280,,1.5,50.0,50000.0,11.754058235643996
P513,,5.0,2.0,10000.0,290.0,280,4,,50.0,50000.0,11.79711895940365
P514,,5.0,2.0,10000.0,290.0,280,,1.5,50.0,50000.0,11.754058235643996
P515,,5.0,2.0,10000.0,-10.0,-20,0,,50.0,50000.0,11.587466914587589
P516,,5.0,2.0,10000.0,-10.0,-20,,1.5,50.0,50000.0,11.591505565093085
P517,,5.0,2.0,10000.0,-10.0,-20,4,,50.0,50000.0,11.641978092884843
P518,,5.0,2.0,10000.0,-10.0,-20,,1.5,50.0,50000.0,11.591505565093085
P519,,5.0,2.0,10000.0,290.0,280,0,,50.0,50000.0,11.75062653949142
P520,,5.0,2.0,10000.0,290.0,280,,1.5,50.0,50000.0,11.754058235643996
P521,,5.0,2.0,10000.0,290.0,280,4,,50.0,50000.0,11.79711895940365
P522,,5.0,2.0,10000.0,290.0,280,,1.5,50.0,50000.0,11.754058235643996
P523,,5.0,11.0,100.0,-10.0,-20,0,,275.0,500.0,10.700566728905104
P524,,5.0,11.0,100.0,-10.0,-20,,1.5,275.0,500.0,10.687115086224448
P525,,5.0,11.0,100.0,-10.0,-20,4,,275.0,500.0,10.80948549492485
P526,,5.0,11.0,100.0,-10.0,-20,,1.5,275.0,500.0,10.687115086224448
P527,,5.0,11.0,100.0,290.0,280,0,,275.0,500.0,10.844373331265663
P528,,5.0,11.0,100.0,290.0,280,,1.5,275.0,500.0,10.832733995570498
P529,,5.0,11.0,100.0,290.0,280,4,,275.0,500.0,10.939373011295933
P530,,5.0,11.0,100.0,290.0,280,,1.5,275.0,500.0,10.832733995570498
P531,,5.0,11.0,100.0,-10.0,-20,0,,275.0,500.0,10.700566728905104
P532,,5.0,11.0,100.0,-10.0,-20,,1.5,275.0,500.0,10.687115086224448
P533,,5.0,11.0,100.0,-10.0,-20,4,,275.0,500.0,10.80948549492485
P534,,5.0,11.0,100.0,-10.0,-20,,1.5,275.0,500.0,10.687115086224448
P535,,5.0,11.0,100.0,290.0,280,0,,275.0,500.0,10.844373331265663
P536,,5.0,11.0,100.0,290.0,280,,1.5,275.0,500.0,10.832733995570498
P537,,5.0,11.0,100.0,290.0,280,4,,275.0,500.0,10.939373011295933
P538,,5.0,11.0,100.0,290.0,280,,1.5,275.0,500.0,10.832733995570498
P539,,5.0,11.0,10000.0,-10.0,-20,0,,275.0,50000.0,12.671905087457093
P540,,5.0,11.0,10000.0,-10.0,-20,,1.5,275.0,50000.0,12.661971011633923
P541,,5.0,11.0,10000.0,-10.0,-20,4,,275.0,50000.0,12.68762804541188
P542,,5.0,11.0,10000.0,-10.0,-20,,1.5,275.0,50000.0,12.661971011633923
P543,,5.0,11.0,10000.0,290.0,280,0,,275.0,50000.0,12.833261631025568
P544,,5.0,11.0,10000.0,290.0,280,,1.5,275.0,50000.0,12.820844685586604
P545,,5.0,11.0,10000.0,290.0,280,4,,275.0,50000.0,12.842773805496657
P546,,5.0,11.0,10000.0,290.0,280,,1.5,275.0,50000.0,12.820844685586604
P547,,5.0,11.0,10000.0,-10.0,-20,0,,275.0,50000.0,12.671905087457093
P548,,5.0,11.0,10000.0,-10.0,-20,,1.5,275.0,50000.0,12.661971011633923
P549,,5.0,11.0,10000.0,-10.0,-20,4,,275.0,50000.0,12.68762804541188
P550,,5.0,11.0,10000.0,-10.0,-20,,1.5,275.0,50000.0,12.661971011633923
P551,,5.0,11.0,10000.0,290.0,280,0,,275.0,50000.0,12.833261631025568
P552,,5.0,11.0,10000.0,290.0,280,,1.5,275.0,50000.0,12.820844685586604
P553,,5.0,11.0,10000.0,290.0,280,4,,275.0,50000.0,12.842773805496657
P554,,5.0,11.0,10000.0,290.0,280,,1.5,275.0,50000.0,12.820844685586604
P555,,5.0,20.0,100.0,-10.0,-20,0,,500.0,500.0,11.213589077374968
P556,,5.0,20.0,100.0,-10.0,-20,,1.5,500.0,500.0,11.181319369456498
P557,,5.0,20.0,100.0,-10.0,-20,4,,500.0,500.0,11.254724521840616
P558,,5.0,20.0,100.0,-10.0,-20,,1.5,500.0,500.0,11.181319369456498
P559,,5.0,20.0,100.0,290.0,280,0,,500.0,500.0,11.34773237485474
P560,,5.0,20.0,100.0,290.0,280,,1.5,500.0,500.0,11.31957127184177
P561,,5.0,20.0,100.0,290.0,280,4,,500.0,500.0,11.383795799088267
P562,,5.0,20.0,100.0,290.0,280,,1.5,500.0,500.0,11.31957127184177
P563,,5.0,20.0,100.0,-10.0,-20,0,,500.0,500.0,11.213589077374968
P564,,5.0,20.0,100.0,-10.0,-20,,1.5,500.0,500.0,11.181319369456498
P565,,5.0,20.0,100.0,-10.0,-20,4,,500.0,500.0,11.254724521840616
P566,,5.0,20.0,100.0,-10.0,-20,,1.5,500.0,500.0,11.181319369456498
P567,,5.0,20.0,100.0,290.0,280,0,,500.0,500.0,11.34773237485474
P568,,5.0,20.0,100.0,290.0,280,,1.5,500.0,500.0,11.31957127184177
P569,,5.0,20.0,100.0,290.0,280,4,,500.0,500.0,11.383795799088267
P570,,5.0,20.0,100.0,290.0,280,,1.5,500.0,500.0,11.31957127184177
P571,,5.0,20.0,10000.0,-10.0,-20,0,,500.0,50000.0,13.201390800620214
P572,,5.0,20.0,10000.0,-10.0,-20,,1.5,500.0,50000.0,13.187926373588088
P573,,5.0,20.0,10000.0,-10.0,-20,4,,500.0,50000.0,13.203661296969706
P574,,5.0,20.0,10000.0,-10.0,-20,,1.5,500.0,50000.0,13.187926373588088
P575,,5.0,20.0,10000.0,290.0,280,0,,500.0,50000.0,13.348846944650099
P576,,5.0,20.0,10000.0,290.0,280,,1.5,500.0,50000.0,13.337239245419626
P577,,5.0,20.0,10000.0,290.0,280,4,,500.0,50000.0,13.353306830243175
P578,,5.0,20.0,10000.0,290.0,280,,1.5,500.0,50000.0,13.337239245419626
P579,,5.0,20.0,10000.0,-10.0,-20,0,,500.0,50000.0,13.201390800620214
P580,,5.0,20.0,10000.0,-10.0,-20,,1.5,500.0,50000.0,13.187926373588088
P581,,5.0,20.0,10000.0,-10.0,-20,4,,500.0,50000.0,13.203661296969706
P582,,5.0,20.0,10000.0,-10.0,-20,,1.5,500.0,50000.0,13.187926373588088
P583,,5.0,20.0,10000.0,290.0,280,0,,500.0,50000.0,13.348846944650099
P584,,5.0,20.0,10000.0,290.0,280,,1.5,500.0,50000.0,13.337239245419626
P585,,5.0,20.0,10000.0,290.0,280,4,,500.0,50000.0,13.353306830243175
P586,,5.0,20.0,10000.0,290.0,280,,1.5,500.0,50000.0,13.337239245419626
P587,,1.0,2.0,100.0,-10.0,-20,0,,2.0,100.0,8.483636407887394
P588,,1.0,2.0,100.0,-10.0,-20,,1.5,2.0,100.0,8.368925174747135
P589,,1.0,2.0,100.0,-10.0,-20,4,,2.0,100.0,8.560827228436299
P590,,1.0,2.0,100.0,-10.0,-20,,1.5,2.0,100.0,8.368925174747135
P591,,1.0,2.0,100.0,290.0,280,0,,2.0,100.0,8.627660644442209
P592,,1.0,2.0,100.0,290.0,280,,1.5,2.0,100.0,8.52912176228151
P593,,1.0,2.0,100.0,290.0,280,4,,2.0,100.0,8.69483715865908
P594,,1.0,2.0,100.0,290.0,280,,1.5,2.0,100.0,8.52912176228151
P595,,1.0,2.0,100.0,-10.0,-20,0,,2.0,100.0,8.483636407887394
P596,,1.0,2.0,100.0,-10.0,-20,,1.5,2.0,100.0,8.368925174747135
P597,,1.0,2.0,100.0,-10.0,-20,4,,2.0,100.0,8.560827228436299
P598,,1.0,2.0,100.0,-10.0,-20,,1.5,2.0,100.0,8.368925174747135
P599,,1.0,2.0,100.0,290.0,280,0,,2.0,100.0,8.627660644442209
P600,,1.0,2.0,100.0,290.0,280,,1.5,2.0,100.0,8.52912176228151
P601,,1.0,2.0,100.0,290.0,280,4,,2.0,100.0,8.69483715865908
P602,,1.0,2.0,100.0,290.0,280,,1.5,2.0,100.0,8.52912176228151
P603,,1.0,2.0,10000.0,-10.0,-20,0,,2.0,10000.0,8.878218658092228
P604,,1.0,2.0,10000.0,-10.0,-20,,1.5,2.0,10000.0,8.814330422638774
P605,,1.0,2.0,10000.0,-10.0,-20,4,,2.0,10000.0,8.936166649549195
P606,,1.0,2.0,10000.0,-10.0,-20,,1.5,2.0,10000.0,8.814330422638774
P607,,1.0,2.0,10000.0,290.0,280,0,,2.0,10000.0,9.106312301552135
P608,,1.0,2.0,10000.0,290.0,280,,1.5,2.0,10000.0,9.044049632254756
P609,,1.0,2.0,10000.0,290.0,280,4,,2.0,10000.0,9.142061531222888
P610,,1.0,2.0,10000.0,290.0,280,,1.5,2.0,10000.0,9.044049632254756
P611,,1.0,2.0,10000.0,-10.0,-20,0,,2.0,10000.0,8.878218658092228
P612,,1.0,2.0,10000.0,-10.0,-20,,1.5,2.0,10000.0,8.814330422638774
P613,,1.0,2.0,10000.0,-10.0,-20,4,,2.0,10000.0,8.936166649549195
P614,,1.0,2.0,10000.0,-10.0,-20,,1.5,2.0,10000.0,8.814330422638774
P615,,1.0,2.0,10000.0,290.0,280,0,,2.0,10000.0,9.106312301552135
P616,,1.0,2.0,10000.0,290.0,280,,1.5,2.0,10000.0,9.044049632254756
P617,,1.0,2.0,10000.0,290.0,280,4,,2.0,10000.0,9.142061531222888
P618,,1.0,2.0,10000.0,290.0,280,,1.5,2.0,10000.0,9.044049632254756
P619,,1.0,11.0,100.0,-10.0,-20,0,,11.0,100.0,9.359363643368622
P620,,1.0,11.0,100.0,-10.0,-20,,1.5,11.0,100.0,9.311361486034912
P621,,1.0,11.0,100.0,-10.0,-20,4,,11.0,100.0,9.381179591661104
P622,,1.0,11.0,100.0,-10.0,-20,,1.5,11.0,100.0,9.311361486034912
P623,,1.0,11.0,100.0,290.0,280,0,,11.0,100.0,9.524640032332234
P624,,1.0,11.0,100.0,290.0,280,,1.5,11.0,100.0,9.484100989086919
P625,,1.0,11.0,100.0,290.0,280,4,,11.0,100.0,9.543163100092235
P626,,1.0,11.0,100.0,290.0,280,,1.5,11.0,100.0,9.484100989086919
P627,,1.0,11.0,100.0,-10.0,-20,0,,11.0,100.0,9.359363643368622
P628,,1.0,11.0,100.0,-10.0,-20,,1.5,11.0,100.0,9.311361486034912
P629,,1.0,11.0,100.0,-10.0,-20,4,,11.0,100.0,9.381179591661104
P630,,1.0,11.0,100.0,-10.0,-20,,1.5,11.0,100.0,9.311361486034912
P631,,1.0,11.0,100.0,290.0,280,0,,11.0,100.0,9.524640032332234
P632,,1.0,11.0,100.0,290.0,280,,1.5,11.0,100.0,9.484100989086919
P633,,1.0,11.0,100.0,290.0,280,4,,11.0,100.0,9.543163100092235
P634,,1.0,11.0,100.0,290.0,280,,1.5,11.0,100.0,9.484100989086919
P635,,1.0,11.0,10000.0,-10.0,-20,0,,11.0,10000.0,9.929398934320629
P636,,1.0,11.0,10000.0,-10.0,-20,,1.5,11.0,10000.0,9.906134047477034
P637,,1.0,11.0,10000.0,-10.0,-20,4,,11.0,10000.0,9.973619774716505
P638,,1.0,11.0,10000.0,-10.0,-20,,1.5,11.0,10000.0,9.906134047477034
P639,,1.0,11.0,10000.0,290.0,280,0,,11.0,10000.0,10.168502147925643
P640,,1.0,11.0,10000.0,290.0,280,,1.5,11.0,10000.0,10.150230436100662
P641,,1.0,11.0,10000.0,290.0,280,4,,11.0,10000.0,10.203481027702058
P642,,1.0,11.0,10000.0,290.0,280,,1.5,11.0,10000.0,10.150230436100662
P643,,1.0,11.0,10000.0,-10.0,-20,0,,11.0,10000.0,9.929398934320629
P644,,1.0,11.0,10000.0,-10.0,-20,,1.5,11.0,10000.0,9.906134047477034
P645,,1.0,11.0,10000.0,-10.0,-20,4,,11.0,10000.0,9.973619774716505
P646,,1.0,11.0,10000.0,-10.0,-20,,1.5,11.0,10000.0,9.906134047477034
P647,,1.0,11.0,10000.0,290.0,280,0,,11.0,10000.0,10.168502147925643
P648,,1.0,11.0,10000.0,290.0,280,,1.5,11.0,10000.0,10.150230436100662
P649,,1.0,11.0,10000.0,290.0,280,4,,11.0,10000.0,10.203481027702058
P650,,1.0,11.0,10000.0,290.0,280,,1.5,11.0,10000.0,10.150230436100662
P651,,1.0,20.0,100.0,-10.0,-20,0,,20.0,100.0,9.712569148516655
P652,,1.0,20.0,100.0,-10.0,-20,,1.5,20.0,100.0,9.711963784977375
P653,,1.0,20.0,100.0,-10.0,-20,4,,20.0,100.0,9.757362911053992
P654,,1.0,20.0,100.0,-10.0,-20,,1.5,20.0,100.0,9.711963784977375
P655,,1.0,20.0,100.0,290.0,280,0,,20.0,100.0,9.870861049709035
P656,,1.0,20.0,100.0,290.0,280,,1.5,20.0,100.0,9.870344333942874
P657,,1.0,20.0,100.0,290.0,280,4,,20.0,100.0,9.909221084383889
P658,,1.0,20.0,100.0,290.0,280,,1.5,20.0,100.0,9.870344333942874
P659,,1.0,20.0,100.0,-10.0,-20,0,,20.0,100.0,9.712569148516655
P660,,1.0,20.0,100.0,-10.0,-20,,1.5,20.0,100.0,9.711963784977375
P661,,1.0,20.0,100.0,-10.0,-20,4,,20.0,100.0,9.757362911053992
P662,,1.0,20.0,100.0,-10.0,-20,,1.5,20.0,100.0,9.711963784977375
P663,,1.0,20.0,100.0,290.0,280,0,,20.0,100.0,9.870861049709035
P664,,1.0,20.0,100.0,290.0,280,,1.5,20.0,100.0,9.870344333942874
P665,,1.0,20.0,100.0,290.0,280,4,,20.0,100.0,9.909221084383889
P666,,1.0,20.0,100.0,290.0,280,,1.5,20.0,100.0,9.870344333942874
P667,,1.0,20.0,10000.0,-10.0,-20,0,,20.0,10000.0,10.368101684497425
P668,,1.0,20.0,10000.0,-10.0,-20,,1.5,20.0,10000.0,10.358314090182017
P669,,1.0,20.0,10000.0,-10.0,-20,4,,20.0,10000.0,10.403808191656971
P670,,1.0,20.0,10000.0,-10.0,-20,,1.5,20.0,10000.0,10.358314090182017
P671,,1.0,20.0,10000.0,290.0,280,0,,20.0,10000.0,10.585245116968599
P672,,1.0,20.0,10000.0,290.0,280,,1.5,20.0,10000.0,10.577375458157261
P673,,1.0,20.0,10000.0,290.0,280,4,,20.0,10000.0,10.614081646699795
P674,,1.0,20.0,10000.0,290.0,280,,1.5,20.0,10000.0,10.577375458157261
P675,,1.0,20.0,10000.0,-10.0,-20,0,,20.0,10000.0,10.368101684497425
P676,,1.0,20.0,10000.0,-10.0,-20,,1.5,20.0,10000.0,10.358314090182017
P677,,1.0,20.0,10000.0,-10.0,-20,4,,20.0,10000.0,10.403808191656971
P678,,1.0,20.0,10000.0,-10.0,-20,,1.5,20.0,10000.0,10.358314090182017
P679,,1.0,20.0,10000.0,290.0,280,0,,20.0,10000.0,10.585245116968599
P680,,1.0,20.0,10000.0,290.0,280,,1.5,20.0,10000.0,10.577375458157261
P681,,1.0,20.0,10000.0,290.0,280,4,,20.0,10000.0,10.614081646699795
P682,,1.0,20.0,10000.0,290.0,280,,1.5,20.0,10000.0,10.577375458157261
P683,,3.0,2.0,100.0,-10.0,-20,0,,18.0,300.0,9.168893182062009
P684,,3.0,2.0,100.0,-10.0,-20,,1.5,18.0,300.0,9.238052810542719
P685,,3.0,2.0,100.0,-10.0,-20,4,,18.0,300.0,9.439943018351132
P686,,3.0,2.0,100.0,-10.0,-20,,1.5,18.0,300.0,9.238052810542719
P687,,3.0,2.0,100.0,290.0,280,0,,18.0,300.0,9.388570235866881
P688,,3.0,2.0,100.0,290.0,280,,1.5,18.0,300.0,9.444463427333401
P689,,3.0,2.0,100.0,290.0,280,4,,18.0,300.0,9.611663580917012
P690,,3.0,2.0,100.0,290.0,280,,1.5,18.0,300.0,9.444463427333401
P691,,3.0,2.0,100.0,-10.0,-20,0,,18.0,300.0,9.168893182062009
P692,,3.0,2.0,100.0,-10.0,-20,,1.5,18.0,300.0,9.238052810542719
P693,,3.0,2.0,100.0,-10.0,-20,4,,18.0,300.0,9.439943018351132
P694,,3.0,2.0,100.0,-10.0,-20,,1.5,18.0,300.0,9.238052810542719
P695,,3.0,2.0,100.0,290.0,280,0,,18.0,300.0,9.388570235866881
P696,,3.0,2.0,100.0,290.0,280,,1.5,18.0,300.0,9.444463427333401
P697,,3.0,2.0,100.0,290.0,280,4,,18.0,300.0,9.611663580917012
P698,,3.0,2.0,100.0,290.0,280,,1.5,18.0,300.0,9.444463427333401
P699,,3.0,2.0,10000.0,-10.0,-20,0,,18.0,30000.0,10.50023395880972
P700,,3.0,2.0,10000.0,-10.0,-20,,1.5,18.0,30000.0,10.510532034042662
P701,,3.0,2.0,10000.0,-10.0,-20,4,,18.0,30000.0,10.573877745973457
P702,,3.0,2.0,10000.0,-10.0,-20,,1.5,18.0,30000.0,10.510532034042662
P703,,3.0,2.0,10000.0,290.0,280,0,,18.0,30000.0,10.66578759178439
P704,,3.0,2.0,10000.0,290.0,280,,1.5,18.0,30000.0,10.67683127509035
P705,,3.0,2.0,10000.0,290.0,280,4,,18.0,30000.0,10.728539803976012
P706,,3.0,2.0,10000.0,290.0,280,,1.5,18.0,30000.0,10.67683127509035
P707,,3.0,2.0,10000.0,-10.0,-20,0,,18.0,30000.0,10.50023395880972
P708,,3.0,2.0,10000.0,-10.0,-20,,1.5,18.0,30000.0,10.510532034042662
P709,,3.0,2.0,10000.0,-10.0,-20,4,,18.0,30000.0,10.573877745973457
P710,,3.0,2.0,10000.0,-10.0,-20,,1.5,18.0,30000.0,10.510532034042662
P711,,3.0,2.0,10000.0,290.0,280,0,,18.0,30000.0,10.66578759178439
P712,,3.0,2.0,10000.0,290.0,280,,1.5,18.0,30000.0,10.67683127509035
P713,,3.0,2.0,10000.0,290.0,280,4,,18.0,30000.0,10.728539803976012
P714,,3.0,2.0,10000.0,290.0,280,,1.5,18.0,30000.0,10.67683127509035
P715,,3.0,11.0,100.0,-10.0,-20,0,,99.0,300.0,10.23037831883819
P716,,3.0,11.0,100.0,-10.0,-20,,1.5,99.0,300.0,10.207289006867793
P717,,3.0,11.0,100.0,-10.0,-20,4,,99.0,300.0,10.271596874100524
P718,,3.0,11.0,100.0,-10.0,-20,,1.5,99.0,300.0,10.207289006867793
P719,,3.0,11.0,100.0,290.0,280,0,,99.0,300.0,10.383905513880693
P720,,3.0,11.0,100.0,290.0,280,,1.5,99.0,300.0,10.364135049357838
P721,,3.0,11.0,100.0,290.0,280,4,,99.0,300.0,10.419360417523633
P722,,3.0,11.0,100.0,290.0,280,,1.5,99.0,300.0,10.364135049357838
P723,,3.0,11.0,100.0,-10.0,-20,0,,99.0,300.0,10.23037831883819
P724,,3.0,11.0,100.0,-10.0,-20,,1.5,99.0,300.0,10.207289006867793
P725,,3.0,11.0,100.0,-10.0,-20,4,,99.0,300.0,10.271596874100524
P726,,3.0,11.0,100.0,-10.0,-20,,1.5,99.0,300.0,10.207289006867793
P727,,3.0,11.0,100.0,290.0,280,0,,99.0,300.0,10.383905513880693
P728,,3.0,11.0,100.0,290.0,280,,1.5,99.0,300.0,10.364135049357838
P729,,3.0,11.0,100.0,290.0,280,4,,99.0,300.0,10.419360417523633
P730,,3.0,11.0,100.0,290.0,280,,1.5,99.0,300.0,10.364135049357838
P731,,3.0,11.0,10000.0,-10.0,-20,0,,99.0,30000.0,11.68586144807233
P732,,3.0,11.0,10000.0,-10.0,-20,,1.5,99.0,30000.0,11.677108509060929
P733,,3.0,11.0,10000.0,-10.0,-20,4,,99.0,30000.0,11.709667544425413
P734,,3.0,11.0,10000.0,-10.0,-20,,1.5,99.0,30000.0,11.677108509060929
P735,,3.0,11.0,10000.0,290.0,280,0,,99.0,30000.0,11.857330439773929
P736,,3.0,11.0,10000.0,290.0,280,,1.5,99.0,30000.0,11.849961828156411
P737,,3.0,11.0,10000.0,290.0,280,4,,99.0,30000.0,11.878117039237189
P738,,3.0,11.0,10000.0,290.0,280,,1.5,99.0,30000.0,11.849961828156411
P739,,3.0,11.0,10000.0,-10.0,-20,0,,99.0,30000.0,11.68586144807233
P740,,3.0,11.0,10000.0,-10.0,-20,,1.5,99.0,30000.0,11.677108509060929
P741,,3.0,11.0,10000.0,-10.0,-20,4,,99.0,30000.0,11.709667544425413
P742,,3.0,11.0,10000.0,-10.0,-20,,1.5,99.0,30000.0,11.677108509060929
P743,,3.0,11.0,10000.0,290.0,280,0,,99.0,30000.0,11.857330439773929
P744,,3.0,11.0,10000.0,290.0,280,,1.5,99.0,30000.0,11.849961828156411
P745,,3.0,11.0,10000.0,290.0,280,4,,99.0,30000.0,11.878117039237189
P746,,3.0,11.0,10000.0,290.0,280,,1.5,99.0,30000.0,11.849961828156411
P747,,3.0,20.0,100.0,-10.0,-20,0,,180.0,300.0,10.608563303961347
P748,,3.0,20.0,100.0,-10.0,-20,,1.5,180.0,300.0,10.583524163945977
P749,,3.0,20.0,100.0,-10.0,-20,4,,180.0,300.0,10.646519536025071
P750,,3.0,20.0,100.0,-10.0,-20,,1.5,180.0,300.0,10.583524163945977
P751,,3.0,20.0,100.0,290.0,280,0,,180.0,300.0,10.756284550625612
P752,,3.0,20.0,100.0,290.0,280,,1.5,180.0,300.0,10.734721359869923
P753,,3.0,20.0,100.0,290.0,280,4,,180.0,300.0,10.789112870099398
P754,,3.0,20.0,100.0,290.0,280,,1.5,180.0,300.0,10.734721359869923
P755,,3.0,20.0,100.0,-10.0,-20,0,,180.0,300.0,10.608563303961347
P756,,3.0,20.0,100.0,-10.0,-20,,1.5,180.0,300.0,10.583524163945977
P757,,3.0,20.0,100.0,-10.0,-20,4,,180.0,300.0,10.646519536025071
P758,,3.0,20.0,100.0,-10.0,-20,,1.5,180.0,300.0,10.583524163945977
P759,,3.0,20.0,100.0,290.0,280,0,,180.0,300.0,10.756284550625612
P760,,3.0,20.0,100.0,290.0,280,,1.5,180.0,300.0,10.734721359869923
P761,,3.0,20.0,100.0,290.0,280,4,,180.0,300.0,10.789112870099398
P762,,3.0,20.0,100.0,290.0,280,,1.5,180.0,300.0,10.734721359869923
P763,,3.0,20.0,10000.0,-10.0,-20,0,,180.0,30000.0,12.164338777045867
P764,,3.0,20.0,10000.0,-10.0,-20,,1.5,180.0,30000.0,12.155894518585892
P765,,3.0,20.0,10000.0,-10.0,-20,4,,180.0,30000.0,12.176535693049921
P766,,3.0,20.0,10000.0,-10.0,-20,,1.5,180.0,30000.0,12.155894518585892
P767,,3.0,20.0,10000.0,290.0,280,0,,180.0,30000.0,12.324228944848342
P768,,3.0,20.0,10000.0,290.0,280,,1.5,180.0,30000.0,12.317484315966333
P769,,3.0,20.0,10000.0,290.0,280,4,,180.0,30000.0,12.336003815122204
P770,,3.0,20.0,10000.0,290.0,280,,1.5,180.0,30000.0,12.317484315966333
P771,,3.0,20.0,10000.0,-10.0,-20,0,,180.0,30000.0,12.164338777045867
P772,,3.0,20.0,10000.0,-10.0,-20,,1.5,180.0,30000.0,12.155894518585892
P773,,3.0,20.0,10000.0,-10.0,-20,4,,180.0,30000.0,12.176535693049921
P774,,3.0,20.0,10000.0,-10.0,-20,,1.5,180.0,30000.0,12.155894518585892
P775,,3.0,20.0,10000.0,290.0,280,0,,180.0,30000.0,12.324228944848342
P776,,3.0,20.0,10000.0,290.0,280,,1.5,180.0,30000.0,12.317484315966333
P777,,3.0,20.0,10000.0,290.0,280,4,,180.0,30000.0,12.336003815122204
P778,,3.0,20.0,10000.0,290.0,280,,1.5,180.0,30000.0,12.317484315966333
P779,,5.0,2.0,100.0,-10.0,-20,0,,50.0,500.0,9.80272754938498
P780,,5.0,2.0,100.0,-10.0,-20,,1.5,50.0,500.0,9.897570078772091
P781,,5.0,2.0,100.0,-10.0,-20,4,,50.0,500.0,10.105693432635459
P782,,5.0,2.0,100.0,-10.0,-20,,1.5,50.0,500.0,9.897570078772091
P783,,5.0,2.0,100.0,290.0,280,0,,50.0,500.0,9.965898812657525
P784,,5.0,2.0,100.0,290.0,280,,1.5,50.0,500.0,10.047024967532325
P785,,5.0,2.0,100.0,290.0,280,4,,50.0,500.0,10.228718267933687
P786,,5.0,2.0,100.0,290.0,280,,1.5,50.0,500.0,10.047024967532325
P787,,5.0,2.0,100.0,-10.0,-20,0,,50.0,500.0,9.80272754938498
P788,,5.0,2.0,100.0,-10.0,-20,,1.5,50.0,500.0,9.897570078772091
P789,,5.0,2.0,100.0,-10.0,-20,4,,50.0,500.0,10.105693432635459
P790,,5.0,2.0,100.0,-10.0,-20,,1.5,50.0,500.0,9.897570078772091
P791,,5.0,2.0,100.0,290.0,280,0,,50.0,500.0,9.965898812657525
P792,,5.0,2.0,100.0,290.0,280,,1.5,50.0,500.0,10.047024967532325
P793,,5.0,2.0,100.0,290.0,280,4,,50.0,500.0,10.228718267933687
P794,,5.0,2.0,100.0,290.0,280,,1.5,50.0,500.0,10.047024967532325
P795,,5.0,2.0,10000.0,-10.0,-20,0,,50.0,50000.0,11.587466914587589
P796,,5.0,2.0,10000.0,-10.0,-20,,1.5,50.0,50000.0,11.591505565093085
P797,,5.0,2.0,10000.0,-10.0,-20,4,,50.0,50000.0,11.641978092884843
P798,,5.0,2.0,10000.0,-10.0,-20,,1.5,50.0,50000.0,11.591505565093085
P799,,5.0,2.0,10000.0,290.0,280,0,,50.0,50000.0,11.75062653949142
P800,,5.0,2.0,10000.0,290.0,280,,1.5,50.0,50000.0,11.754058235643996
P801,,5.0,2.0,10000.0,290.0,280,4,,50.0,50000.0,11.79711895940365
P802,,5.0,2.0,10000.0,290.0,280,,1.5,50.0,50000.0,11.754058235643996
P803,,5.0,2.0,10000.0,-10.0,-20,0,,50.0,50000.0,11.587466914587589
P804,,5.0,2.0,10000.0,-10.0,-20,,1.5,50.0,50000.0,11.591505565093085
P805,,5.0,2.0,10000.0,-10.0,-20,4,,50.0,50000.0,11.641978092884843
P806,,5.0,2.0,10000.0,-10.0,-20,,1.5,50.0,50000.0,11.591505565093085
P807,,5.0,2.0,10000.0,290.0,280,0,,50.0,50000.0,11.75062653949142
P808,,5.0,2.0,10000.0,290.0,280,,1.5,50.0,50000.0,11.754058235643996
P809,,5.0,2.0,10000.0,290.0,280,4,,50.0,50000.0,11.79711895940365
P810,,5.0,2.0,10000.0,290.0,280,,1.5,50.0,50000.0,11.754058235643996
P811,,5.0,11.0,100.0,-10.0,-20,0,,275.0,500.0,10.700566728905104
P812,,5.0,11.0,100.0,-10.0,-20,,1.5,275.0,500.0,10.687115086224448
P813,,5.0,11.0,100.0,-10.0,-20,4,,275.0,500.0,10.80948549492485
P814,,5.0,11.0,100.0,-10.0,-20,,1.5,275.0,500.0,10.687115086224448
P815,,5.0,11.0,100.0,290.0,280,0,,275.0,500.0,10.844373331265663
P816,,5.0,11.0,100.0,290.0,280,,1.5,275.0,500.0,10.832733995570498
P817,,5.0,11.0,100.0,290.0,280,4,,275.0,500.0,10.939373011295933
P818,,5.0,11.0,100.0,290.0,280,,1.5,275.0,500.0,10.832733995570498
P819,,5.0,11.0,100.0,-10.0,-20,0,,275.0,500.0,10.700566728905104
P820,,5.0,11.0,100.0,-10.0,-20,,1.5,275.0,500.0,10.687115086224448
P821,,5.0,11.0,100.0,-10.0,-20,4,,275.0,500.0,10.80948549492485
P822,,5.0,11.0,100.0,-10.0,-20,,1.5,275.0,500.0,10.687115086224448
P823,,5.0,11.0,100.0,290.0,280,0,,275.0,500.0,10.844373331265663
P824,,5.0,11.0,100.0,290.0,280,,1.5,275.0,500.0,10.832733995570498
P825,,5.0,11.0,100.0,290.0,280,4,,275.0,500.0,10.939373011295933
P826,,5.0,11.0,100.0,290.0,280,,1.5,275.0,500.0,10.832733995570498
P827,,5.0,11.0,10000.0,-10.0,-20,0,,275.0,50000.0,12.671905087457093
P828,,5.0,11.0,10000.0,-10.0,-20,,1.5,275.0,50000.0,12.661971011633923
P829,,5.0,11.0,10000.0,-10.0,-20,4,,275.0,50000.0,12.68762804541188
P830,,5.0,11.0,10000.0,-10.0,-20,,1.5,275.0,50000.0,12.661971011633923
P831,,5.0,11.0,10000.0,290.0,280,0,,275.0,50000.0,12.833261631025568
P832,,5.0,11.0,10000.0,290.0,280,,1.5,275.0,50000.0,12.820844685586604
P833,,5.0,11.0,10000.0,290.0,280,4,,275.0,50000.0,12.842773805496657
P834,,5.0,11.0,10000.0,290.0,280,,1.5,275.0,50000.0,12.820844685586604
P835,,5.0,11.0,10000.0,-10.0,-20,0,,275.0,50000.0,12.671905087457093
P836,,5.0,11.0,10000.0,-10.0,-20,,1.5,275.0,50000.0,12.661971011633923
P837,,5.0,11.0,10000.0,-10.0,-20,4,,275.0,50000.0,12.68762804541188
P838,,5.0,11.0,10000.0,-10.0,-20,,1.5,275.0,50000.0,12.661971011633923
P839,,5.0,11.0,10000.0,290.0,280,0,,275.0,50000.0,12.833261631025568
P840,,5.0,11.0,10000.0,290.0,280,,1.5,275.0,50000.0,12.820844685586604
P841,,5.0,11.0,10000.0,290.0,280,4,,275.0,50000.0,12.842773805496657
P842,,5.0,11.0,10000.0,290.0,280,,1.5,275.0,50000.0,12.820844685586604
P843,,5.0,20.0,100.0,-10.0,-20,0,,500.0,500.0,11.213589077374968
P844,,5.0,20.0,100.0,-10.0,-20,,1.5,500.0,500.0,11.181319369456498
P845,,5.0,20.0,100.0,-10.0,-20,4,,500.0,500.0,11.254724521840616
P846,,5.0,20.0,100.0,-10.0,-20,,1.5,500.0,500.0,11.181319369456498
P847,,5.0,20.0,100.0,290.0,280,0,,500.0,500.0,11.34773237485474
P848,,5.0,20.0,100.0,290.0,280,,1.5,500.0,500.0,11.31957127184177
P849,,5.0,20.0,100.0,290.0,280,4,,500.0,500.0,11.383795799088267
P850,,5.0,20.0,100.0,290.0,280,,1.5,500.0,500.0,11.31957127184177
P851,,5.0,20.0,100.0,-10.0,-20,0,,500.0,500.0,11.213589077374968
P852,,5.0,20.0,100.0,-10.0,-20,,1.5,500.0,500.0,11.181319369456498
P853,,5.0,20.0,100.0,-10.0,-20,4,,500.0,500.0,11.254724521840616
P854,,5.0,20.0,100.0,-10.0,-20,,1.5,500.0,500.0,11.181319369456498
P855,,5.0,20.0,100.0,290.0,280,0,,500.0,500.0,11.34773237485474
P856,,5.0,20.0,100.0,290.0,280,,1.5,500.0,500.0,11.31957127184177
P857,,5.0,20.0,100.0,290.0,280,4,,500.0,500.0,11.383795799088267
P858,,5.0,20.0,100.0,290.0,280,,1.5,500.0,500.0,11.31957127184177
P859,,5.0,20.0,10000.0,-10.0,-20,0,,500.0,50000.0,13.201390800620214
P860,,5.0,20.0,10000.0,-10.0,-20,,1.5,500.0,50000.0,13.187926373588088
P861,,5.0,20.0,10000.0,-10.0,-20,4,,500.0,50000.0,13.203661296969706
P862,,5.0,20.0,10000.0,-10.0,-20,,1.5,500.0,50000.0,13.187926373588088
P863,,5.0,20.0,10000.0,290.0,280,0,,500.0,50000.0,13.348846944650099
P864,,5.0,20.0,10000.0,290.0,280,,1.5,500.0,50000.0,13.337239245419626
P865,,5.0,20.0,10000.0,290.0,280,4,,500.0,50000.0,13.353306830243175
P866,,5.0,20.0,10000.0,290.0,280,,1.5,500.0,50000.0,13.337239245419626
P867,,5.0,20.0,10000.0,-10.0,-20,0,,500.0,50000.0,13.201390800620214
P868,,5.0,20.0,10000.0,-10.0,-20,,1.5,500.0,50000.0,13.187926373588088
P869,,5.0,20.0,10000.0,-10.0,-20,4,,500.0,50000.0,13.203661296969706
P870,,5.0,20.0,10000.0,-10.0,-20,,1.5,500.0,50000.0,13.187926373588088
P871,,5.0,20.0,10000.0,290.0,280,0,,500.0,50000.0,13.348846944650099
P872,,5.0,20.0,10000.0,290.0,280,,1.5,500.0,50000.0,13.337239245419626
P873,,5.0,20.0,10000.0,290.0,280,4,,500.0,50000.0,13.353306830243175
P874,,5.0,20.0,10000.0,290.0,280,,1.5,500.0,50000.0,13.337239245419626
